window_start,window_end,protocol,src_ip_addr,src_port,dst_ip_addr,dst_port,forward_iat_total,backward_iat_std,backward_iat_max,total_fhlen,total_bhlen,backward_iat_min,forward_iat_min,fpkts_per_second,flow_iat_min,forward_packet_length_mean,forward_iat_std,flow_iat_total,flow_syn,flow_fin,forward_iat_max,flow_iat_max,forward_packet_length_min,total_backward_packets,flow_iat_mean,flow_ece,flow_protocol,flow_iat_std,bpkts_per_second,backward_packet_length_mean,backward_iat_mean,total_length_of_forward_packets,flow_cwr,flow_packets_per_second,forward_iat_mean,flow_urg,total_length_of_backward_packets,flow_rst,total_forward_packets,forward_packet_length_max,flow_ack,forward_packet_length_std,backward_iat_total,backward_packet_length_max,flow_psh,backward_packet_length_std,backward_packet_length_min,attack_flag,attack_step,attack_name
1716969217.514212,1716969227.514212,17,10.71.65.56,5353,224.0.0.251,5353,0,-3,-3,0,81,-3,299997,0.30000000000000004,299997,528.0,0.0,0,0,0,-3,-3,528,0,0.0,0,51,0.0,0.0,0,-3,528,0,0.30000000000000004,0.0,0,0,0,3,528,0,0.0,0,-3,0,-3,-3,0,-,
1716969217.514212,1716969227.514212,17,10.71.64.106,4988,10.71.255.255,1007,0,-3,-3,0,81,-3,299997,0.30000000000000004,299997,558.0,0.0,0,0,0,-3,-3,558,0,0.0,0,51,0.0,0.0,0,-3,558,0,0.30000000000000004,0.0,0,0,0,3,558,0,0.0,0,-3,0,-3,-3,0,-,
1716969217.514212,1716969227.514212,17,10.71.65.56,137,10.71.255.255,137,16.332147,-3,-3,0,405,-3,0.926313,1.5,0.926313,330.0,3.4499999999999997,16.332147,0,0,8.943837,8.943837,330,0,3.27,0,51,3.4499999999999997,0.0,0,-3,1650,0,1.5,3.27,0,0,0,15,330,0,0.0,0,-3,0,-3,-3,0,-,
1716969217.514212,1716969227.514212,6,10.71.65.58,4374,142.251.130.14,443,2.635380,-3,-3,0,486,-3,0.000048,1.7999999999999998,0.000048,1878.0,0.44999999999999996,2.635380,0,0,0.877263,0.877263,198,0,0.45,0,18,0.44999999999999996,0.0,0,-3,11268,0,1.7999999999999998,0.45,0,0,0,18,7626,18,2665.8,0,-3,15,-3,-3,0,-,
1716969217.514212,1716969227.514212,6,142.251.130.14,443,10.71.65.58,4374,4.524294,-3,-3,0,810,-3,0.000000,3.0,0.000000,366.9,0.39,4.524294,0,0,0.873243,0.873243,198,0,0.45,0,18,0.39,0.0,0,-3,3669,0,3.0,0.45,0,0,0,30,954,30,268.53000000000003,0,-3,12,-3,-3,0,-,
1716969217.514212,1716969227.514212,6,10.71.65.58,5374,172.217.25.3,443,0.619530,-3,-3,0,405,-3,0.001095,1.5,0.001095,325.20000000000005,0.09,0.619530,0,0,0.206973,0.206973,198,0,0.12,0,18,0.09,0.0,0,-3,1626,0,1.5,0.12,0,0,0,15,495,15,95.61,0,-3,12,-3,-3,0,-,
1716969217.514212,1716969227.514212,6,172.217.25.3,443,10.71.65.58,5374,0.401877,-3,-3,0,648,-3,0.000000,2.4000000000000004,0.000000,293.625,0.06,0.401877,0,0,0.224139,0.224139,198,0,0.06,0,18,0.06,0.0,0,-3,2349,0,2.4000000000000004,0.06,0,0,0,24,420,24,85.74,0,-3,15,-3,-3,0,-,
1716969217.514212,1716969227.514212,17,10.71.64.34,5353,224.0.0.251,5353,3.046464,-3,-3,0,162,-3,3.046464,0.6000000000000001,3.046464,210.0,1.53,3.046464,0,0,3.046464,3.046464,210,0,1.53,0,51,1.53,0.0,0,-3,420,0,0.6000000000000001,1.53,0,0,0,6,210,0,0.0,0,-3,0,-3,-3,0,-,
1716969217.514212,1716969227.514212,17,10.71.64.34,137,10.71.255.255,137,0,-3,-3,0,81,-3,299997,0.30000000000000004,299997,276.0,0.0,0,0,0,-3,-3,276,0,0.0,0,51,0.0,0.0,0,-3,276,0,0.30000000000000004,0.0,0,0,0,3,276,0,0.0,0,-3,0,-3,-3,0,-,
1716969217.514212,1716969227.514212,6,216.58.200.234,443,10.71.65.58,9332,0.356190,-3,-3,0,243,-3,0.177207,0.8999999999999999,0.177207,362.0,0.09,0.356190,0,0,0.178983,0.178983,198,0,0.12,0,18,0.09,0.0,0,-3,1086,0,0.8999999999999999,0.12,0,0,0,9,690,9,231.93,0,-3,3,-3,-3,0,-,
1716969217.514212,1716969227.514212,6,10.71.65.58,9332,216.58.200.234,443,0.001158,-3,-3,0,162,-3,0.001158,0.6000000000000001,0.001158,303.0,0.0,0.001158,0,0,0.001158,0.001158,303,0,0.00,0,18,0.0,0.0,0,-3,606,0,0.6000000000000001,0.00,0,0,0,6,303,6,0.0,0,-3,6,-3,-3,0,-,
1716969217.514212,1716969227.514212,17,10.71.64.113,5353,224.0.0.251,5353,11.991528,-3,-3,0,324,-3,0.000000,1.2000000000000002,0.000000,226.5,3.63,11.991528,0,0,8.918643,8.918643,225,0,3.00,0,51,3.63,0.0,0,-3,906,0,1.2000000000000002,3.00,0,0,0,12,228,0,1.5,0,-3,0,-3,-3,0,-,
1716969217.514212,1716969227.514212,6,10.71.65.58,9732,108.177.125.188,5228,0,-3,-3,0,81,-3,299997,0.30000000000000004,299997,198.0,0.0,0,0,0,-3,-3,198,0,0.0,0,18,0.0,0.0,0,-3,198,0,0.30000000000000004,0.0,0,0,0,3,198,3,0.0,0,-3,0,-3,-3,0,-,
1716969217.514212,1716969227.514212,6,108.177.125.188,5228,10.71.65.58,9732,0,-3,-3,0,81,-3,299997,0.30000000000000004,299997,198.0,0.0,0,0,0,-3,-3,198,0,0.0,0,18,0.0,0.0,0,-3,198,0,0.30000000000000004,0.0,0,0,0,3,198,3,0.0,0,-3,0,-3,-3,0,-,
1716969217.514212,1716969227.514212,17,10.71.64.123,137,10.71.255.255,137,4.298622,-3,-3,0,162,-3,4.298622,0.6000000000000001,4.298622,276.0,2.16,4.298622,0,0,4.298622,4.298622,276,0,2.16,0,51,2.16,0.0,0,-3,552,0,0.6000000000000001,2.16,0,0,0,6,276,0,0.0,0,-3,0,-3,-3,0,-,
1716969217.514212,1716969227.514212,17,10.71.64.228,5353,224.0.0.251,5353,6.770259,-3,-3,0,162,-3,6.770259,0.6000000000000001,6.770259,246.0,3.3899999999999997,6.770259,0,0,6.770259,6.770259,246,0,3.39,0,51,3.3899999999999997,0.0,0,-3,492,0,0.6000000000000001,3.39,0,0,0,6,246,0,0.0,0,-3,0,-3,-3,0,-,
1716969217.514212,1716969227.514212,17,10.71.64.108,137,10.71.255.255,137,6.449616,-3,-3,0,243,-3,2.147832,0.8999999999999999,2.147832,276.0,1.77,6.449616,0,0,4.301784,4.301784,276,0,2.16,0,51,1.77,0.0,0,-3,828,0,0.8999999999999999,2.16,0,0,0,9,276,0,0.0,0,-3,0,-3,-3,0,-,
1716969217.514212,1716969227.514212,17,10.71.123.59,137,10.71.255.255,137,0,-3,-3,0,0,-3,-3,0.0,-3,0,-3,0,0,0,-3,-3,-3,0,-3,0,51,-3,0.0,0,-3,0,0,0.0,-3,0,0,0,0,-3,0,-3,0,-3,0,-3,-3,0,-,
1716969217.514212,1716969227.514212,17,10.71.64.103,137,10.71.255.255,137,0,-3,-3,0,0,-3,-3,0.0,-3,0,-3,0,0,0,-3,-3,-3,0,-3,0,51,-3,0.0,0,-3,0,0,0.0,-3,0,0,0,0,-3,0,-3,0,-3,0,-3,-3,0,-,
1716969217.514212,1716969227.514212,17,10.71.65.58,9424,10.1.5.45,53,0,-3,-3,0,0,-3,-3,0.0,-3,0,-3,0,0,0,-3,-3,-3,0,-3,0,51,-3,0.0,0,-3,0,0,0.0,-3,0,0,0,0,-3,0,-3,0,-3,0,-3,-3,0,-,
1716969217.514212,1716969227.514212,17,10.1.5.45,53,10.71.65.58,9424,0,-3,-3,0,0,-3,-3,0.0,-3,0,-3,0,0,0,-3,-3,-3,0,-3,0,51,-3,0.0,0,-3,0,0,0.0,-3,0,0,0,0,-3,0,-3,0,-3,0,-3,-3,0,-,
1716969217.514212,1716969227.514212,17,10.71.65.38,8471,10.71.255.255,1947,0,-3,-3,0,0,-3,-3,0.0,-3,0,-3,0,0,0,-3,-3,-3,0,-3,0,51,-3,0.0,0,-3,0,0,0.0,-3,0,0,0,0,-3,0,-3,0,-3,0,-3,-3,0,-,
1716969217.514212,1716969227.514212,6,10.71.65.58,9320,216.58.200.234,443,0,-3,-3,0,0,-3,-3,0.0,-3,0,-3,0,0,0,-3,-3,-3,0,-3,0,18,-3,0.0,0,-3,0,0,0.0,-3,0,0,0,0,-3,0,-3,0,-3,0,-3,-3,0,-,
1716969217.514212,1716969227.514212,6,216.58.200.234,443,10.71.65.58,9320,0,-3,-3,0,0,-3,-3,0.0,-3,0,-3,0,0,0,-3,-3,-3,0,-3,0,18,-3,0.0,0,-3,0,0,0.0,-3,0,0,0,0,-3,0,-3,0,-3,0,-3,-3,0,-,
1716969217.514212,1716969227.514212,17,10.71.64.250,137,10.71.255.255,137,0,-3,-3,0,0,-3,-3,0.0,-3,0,-3,0,0,0,-3,-3,-3,0,-3,0,51,-3,0.0,0,-3,0,0,0.0,-3,0,0,0,0,-3,0,-3,0,-3,0,-3,-3,0,-,
1716969217.514212,1716969227.514212,17,10.71.64.113,9759,10.71.255.255,1947,0,-3,-3,0,0,-3,-3,0.0,-3,0,-3,0,0,0,-3,-3,-3,0,-3,0,51,-3,0.0,0,-3,0,0,0.0,-3,0,0,0,0,-3,0,-3,0,-3,0,-3,-3,0,-,
1716969217.514212,1716969227.514212,17,10.71.64.113,9760,255.255.255.255,1947,0,-3,-3,0,0,-3,-3,0.0,-3,0,-3,0,0,0,-3,-3,-3,0,-3,0,51,-3,0.0,0,-3,0,0,0.0,-3,0,0,0,0,-3,0,-3,0,-3,0,-3,-3,0,-,
1716969217.514212,1716969227.514212,17,10.71.65.43,4413,255.255.255.255,8610,0,-3,-3,0,0,-3,-3,0.0,-3,0,-3,0,0,0,-3,-3,-3,0,-3,0,51,-3,0.0,0,-3,0,0,0.0,-3,0,0,0,0,-3,0,-3,0,-3,0,-3,-3,0,-,
1716969217.514212,1716969227.514212,17,10.71.65.58,4883,239.255.255.250,1900,0,-3,-3,0,0,-3,-3,0.0,-3,0,-3,0,0,0,-3,-3,-3,0,-3,0,51,-3,0.0,0,-3,0,0,0.0,-3,0,0,0,0,-3,0,-3,0,-3,0,-3,-3,0,-,
1716969217.514212,1716969227.514212,17,10.71.123.56,137,10.71.255.255,137,0,-3,-3,0,0,-3,-3,0.0,-3,0,-3,0,0,0,-3,-3,-3,0,-3,0,51,-3,0.0,0,-3,0,0,0.0,-3,0,0,0,0,-3,0,-3,0,-3,0,-3,-3,0,-,
1716969217.514212,1716969227.514212,6,10.71.65.58,9468,64.233.188.84,443,0,-3,-3,0,0,-3,-3,0.0,-3,0,-3,0,0,0,-3,-3,-3,0,-3,0,18,-3,0.0,0,-3,0,0,0.0,-3,0,0,0,0,-3,0,-3,0,-3,0,-3,-3,0,-,
1716969217.514212,1716969227.514212,6,10.71.65.58,3372,142.250.207.110,443,0,-3,-3,0,0,-3,-3,0.0,-3,0,-3,0,0,0,-3,-3,-3,0,-3,0,18,-3,0.0,0,-3,0,0,0.0,-3,0,0,0,0,-3,0,-3,0,-3,0,-3,-3,0,-,
1716969217.514212,1716969227.514212,6,142.250.207.110,443,10.71.65.58,3372,0,-3,-3,0,0,-3,-3,0.0,-3,0,-3,0,0,0,-3,-3,-3,0,-3,0,18,-3,0.0,0,-3,0,0,0.0,-3,0,0,0,0,-3,0,-3,0,-3,0,-3,-3,0,-,
1716969217.514212,1716969227.514212,6,64.233.188.84,443,10.71.65.58,9468,0,-3,-3,0,0,-3,-3,0.0,-3,0,-3,0,0,0,-3,-3,-3,0,-3,0,18,-3,0.0,0,-3,0,0,0.0,-3,0,0,0,0,-3,0,-3,0,-3,0,-3,-3,0,-,
1716969217.514212,1716969227.514212,17,10.71.64.252,137,10.71.255.255,137,0,-3,-3,0,0,-3,-3,0.0,-3,0,-3,0,0,0,-3,-3,-3,0,-3,0,51,-3,0.0,0,-3,0,0,0.0,-3,0,0,0,0,-3,0,-3,0,-3,0,-3,-3,0,-,
1716969217.514212,1716969227.514212,6,10.71.65.58,8940,142.250.76.131,443,0,-3,-3,0,0,-3,-3,0.0,-3,0,-3,0,0,0,-3,-3,-3,0,-3,0,18,-3,0.0,0,-3,0,0,0.0,-3,0,0,0,0,-3,0,-3,0,-3,0,-3,-3,0,-,
1716969217.514212,1716969227.514212,6,142.250.76.131,443,10.71.65.58,8940,0,-3,-3,0,0,-3,-3,0.0,-3,0,-3,0,0,0,-3,-3,-3,0,-3,0,18,-3,0.0,0,-3,0,0,0.0,-3,0,0,0,0,-3,0,-3,0,-3,0,-3,-3,0,-,
1716969217.514212,1716969227.514212,17,10.71.64.41,7500,255.255.255.255,7500,0,-3,-3,0,0,-3,-3,0.0,-3,0,-3,0,0,0,-3,-3,-3,0,-3,0,51,-3,0.0,0,-3,0,0,0.0,-3,0,0,0,0,-3,0,-3,0,-3,0,-3,-3,0,-,
1716969217.514212,1716969227.514212,17,10.71.64.41,7500,10.71.255.255,7500,0,-3,-3,0,0,-3,-3,0.0,-3,0,-3,0,0,0,-3,-3,-3,0,-3,0,51,-3,0.0,0,-3,0,0,0.0,-3,0,0,0,0,-3,0,-3,0,-3,0,-3,-3,0,-,
1716969217.514212,1716969227.514212,17,10.71.64.51,138,10.71.255.255,138,0,-3,-3,0,0,-3,-3,0.0,-3,0,-3,0,0,0,-3,-3,-3,0,-3,0,51,-3,0.0,0,-3,0,0,0.0,-3,0,0,0,0,-3,0,-3,0,-3,0,-3,-3,0,-,
1716969217.514212,1716969227.514212,6,10.71.65.58,514,216.58.220.110,443,0,-3,-3,0,0,-3,-3,0.0,-3,0,-3,0,0,0,-3,-3,-3,0,-3,0,18,-3,0.0,0,-3,0,0,0.0,-3,0,0,0,0,-3,0,-3,0,-3,0,-3,-3,0,-,
1716969217.514212,1716969227.514212,6,216.58.220.110,443,10.71.65.58,514,0,-3,-3,0,0,-3,-3,0.0,-3,0,-3,0,0,0,-3,-3,-3,0,-3,0,18,-3,0.0,0,-3,0,0,0.0,-3,0,0,0,0,-3,0,-3,0,-3,0,-3,-3,0,-,
1716969217.514212,1716969227.514212,17,10.71.64.78,137,10.71.255.255,137,0,-3,-3,0,0,-3,-3,0.0,-3,0,-3,0,0,0,-3,-3,-3,0,-3,0,51,-3,0.0,0,-3,0,0,0.0,-3,0,0,0,0,-3,0,-3,0,-3,0,-3,-3,0,-,
1716969217.514212,1716969227.514212,17,10.71.122.136,137,10.71.255.255,137,0,-3,-3,0,0,-3,-3,0.0,-3,0,-3,0,0,0,-3,-3,-3,0,-3,0,51,-3,0.0,0,-3,0,0,0.0,-3,0,0,0,0,-3,0,-3,0,-3,0,-3,-3,0,-,
1716969217.514212,1716969227.514212,17,10.71.64.224,137,10.71.255.255,137,0,-3,-3,0,0,-3,-3,0.0,-3,0,-3,0,0,0,-3,-3,-3,0,-3,0,51,-3,0.0,0,-3,0,0,0.0,-3,0,0,0,0,-3,0,-3,0,-3,0,-3,-3,0,-,
1716969217.514212,1716969227.514212,17,10.71.64.103,138,10.71.255.255,138,0,-3,-3,0,0,-3,-3,0.0,-3,0,-3,0,0,0,-3,-3,-3,0,-3,0,51,-3,0.0,0,-3,0,0,0.0,-3,0,0,0,0,-3,0,-3,0,-3,0,-3,-3,0,-,
1716969217.514212,1716969227.514212,6,10.71.65.58,4576,172.217.161.234,443,0,-3,-3,0,0,-3,-3,0.0,-3,0,-3,0,0,0,-3,-3,-3,0,-3,0,18,-3,0.0,0,-3,0,0,0.0,-3,0,0,0,0,-3,0,-3,0,-3,0,-3,-3,0,-,
1716969217.514212,1716969227.514212,6,172.217.161.234,443,10.71.65.58,4576,0,-3,-3,0,0,-3,-3,0.0,-3,0,-3,0,0,0,-3,-3,-3,0,-3,0,18,-3,0.0,0,-3,0,0,0.0,-3,0,0,0,0,-3,0,-3,0,-3,0,-3,-3,0,-,
1716969217.514212,1716969227.514212,17,10.71.65.38,3793,10.71.255.255,1947,0,-3,-3,0,0,-3,-3,0.0,-3,0,-3,0,0,0,-3,-3,-3,0,-3,0,51,-3,0.0,0,-3,0,0,0.0,-3,0,0,0,0,-3,0,-3,0,-3,0,-3,-3,0,-,
1716969217.514212,1716969227.514212,17,10.71.65.43,5072,255.255.255.255,8610,0,-3,-3,0,0,-3,-3,0.0,-3,0,-3,0,0,0,-3,-3,-3,0,-3,0,51,-3,0.0,0,-3,0,0,0.0,-3,0,0,0,0,-3,0,-3,0,-3,0,-3,-3,0,-,
1716969217.514212,1716969227.514212,17,10.71.64.113,6027,10.71.255.255,1947,0,-3,-3,0,0,-3,-3,0.0,-3,0,-3,0,0,0,-3,-3,-3,0,-3,0,51,-3,0.0,0,-3,0,0,0.0,-3,0,0,0,0,-3,0,-3,0,-3,0,-3,-3,0,-,
1716969217.514212,1716969227.514212,17,10.71.64.113,6028,255.255.255.255,1947,0,-3,-3,0,0,-3,-3,0.0,-3,0,-3,0,0,0,-3,-3,-3,0,-3,0,51,-3,0.0,0,-3,0,0,0.0,-3,0,0,0,0,-3,0,-3,0,-3,0,-3,-3,0,-,
1716969217.514212,1716969227.514212,17,10.71.123.75,8451,10.71.255.255,1947,0,-3,-3,0,0,-3,-3,0.0,-3,0,-3,0,0,0,-3,-3,-3,0,-3,0,51,-3,0.0,0,-3,0,0,0.0,-3,0,0,0,0,-3,0,-3,0,-3,0,-3,-3,0,-,
1716969217.514212,1716969227.514212,17,10.71.123.75,8450,255.255.255.255,1947,0,-3,-3,0,0,-3,-3,0.0,-3,0,-3,0,0,0,-3,-3,-3,0,-3,0,51,-3,0.0,0,-3,0,0,0.0,-3,0,0,0,0,-3,0,-3,0,-3,0,-3,-3,0,-,
1716969217.514212,1716969227.514212,17,10.71.64.51,137,10.71.255.255,137,0,-3,-3,0,0,-3,-3,0.0,-3,0,-3,0,0,0,-3,-3,-3,0,-3,0,51,-3,0.0,0,-3,0,0,0.0,-3,0,0,0,0,-3,0,-3,0,-3,0,-3,-3,0,-,
1716969217.514212,1716969227.514212,17,10.71.64.224,5353,224.0.0.251,5353,0,-3,-3,0,0,-3,-3,0.0,-3,0,-3,0,0,0,-3,-3,-3,0,-3,0,51,-3,0.0,0,-3,0,0,0.0,-3,0,0,0,0,-3,0,-3,0,-3,0,-3,-3,0,-,
1716969217.514212,1716969227.514212,17,10.71.65.58,7665,10.1.5.46,53,0,-3,-3,0,0,-3,-3,0.0,-3,0,-3,0,0,0,-3,-3,-3,0,-3,0,51,-3,0.0,0,-3,0,0,0.0,-3,0,0,0,0,-3,0,-3,0,-3,0,-3,-3,0,-,
1716969217.514212,1716969227.514212,17,10.1.5.46,53,10.71.65.58,7665,0,-3,-3,0,0,-3,-3,0.0,-3,0,-3,0,0,0,-3,-3,-3,0,-3,0,51,-3,0.0,0,-3,0,0,0.0,-3,0,0,0,0,-3,0,-3,0,-3,0,-3,-3,0,-,
1716969217.514212,1716969227.514212,17,10.71.65.33,137,10.71.255.255,137,0,-3,-3,0,0,-3,-3,0.0,-3,0,-3,0,0,0,-3,-3,-3,0,-3,0,51,-3,0.0,0,-3,0,0,0.0,-3,0,0,0,0,-3,0,-3,0,-3,0,-3,-3,0,-,
1716969217.514212,1716969227.514212,17,10.71.64.40,5353,224.0.0.251,5353,0,-3,-3,0,0,-3,-3,0.0,-3,0,-3,0,0,0,-3,-3,-3,0,-3,0,51,-3,0.0,0,-3,0,0,0.0,-3,0,0,0,0,-3,0,-3,0,-3,0,-3,-3,0,-,
1716969217.514212,1716969227.514212,17,10.71.64.225,137,10.71.255.255,137,0,-3,-3,0,0,-3,-3,0.0,-3,0,-3,0,0,0,-3,-3,-3,0,-3,0,51,-3,0.0,0,-3,0,0,0.0,-3,0,0,0,0,-3,0,-3,0,-3,0,-3,-3,0,-,
1716969217.514212,1716969227.514212,17,10.71.65.43,9277,255.255.255.255,8610,0,-3,-3,0,0,-3,-3,0.0,-3,0,-3,0,0,0,-3,-3,-3,0,-3,0,51,-3,0.0,0,-3,0,0,0.0,-3,0,0,0,0,-3,0,-3,0,-3,0,-3,-3,0,-,
1716969217.514212,1716969227.514212,17,10.71.64.184,137,10.71.255.255,137,0,-3,-3,0,0,-3,-3,0.0,-3,0,-3,0,0,0,-3,-3,-3,0,-3,0,51,-3,0.0,0,-3,0,0,0.0,-3,0,0,0,0,-3,0,-3,0,-3,0,-3,-3,0,-,
1716969217.514212,1716969227.514212,17,10.71.64.146,5353,224.0.0.251,5353,0,-3,-3,0,0,-3,-3,0.0,-3,0,-3,0,0,0,-3,-3,-3,0,-3,0,51,-3,0.0,0,-3,0,0,0.0,-3,0,0,0,0,-3,0,-3,0,-3,0,-3,-3,0,-,
1716969217.514212,1716969227.514212,17,10.71.64.146,137,10.71.255.255,137,0,-3,-3,0,0,-3,-3,0.0,-3,0,-3,0,0,0,-3,-3,-3,0,-3,0,51,-3,0.0,0,-3,0,0,0.0,-3,0,0,0,0,-3,0,-3,0,-3,0,-3,-3,0,-,
1716969217.514212,1716969227.514212,17,10.71.65.38,6970,255.255.255.255,1947,0,-3,-3,0,0,-3,-3,0.0,-3,0,-3,0,0,0,-3,-3,-3,0,-3,0,51,-3,0.0,0,-3,0,0,0.0,-3,0,0,0,0,-3,0,-3,0,-3,0,-3,-3,0,-,
1716969217.514212,1716969227.514212,17,10.71.64.115,137,10.71.255.255,137,0,-3,-3,0,0,-3,-3,0.0,-3,0,-3,0,0,0,-3,-3,-3,0,-3,0,51,-3,0.0,0,-3,0,0,0.0,-3,0,0,0,0,-3,0,-3,0,-3,0,-3,-3,0,-,
1716969217.514212,1716969227.514212,17,10.71.64.113,9828,10.71.255.255,1947,0,-3,-3,0,0,-3,-3,0.0,-3,0,-3,0,0,0,-3,-3,-3,0,-3,0,51,-3,0.0,0,-3,0,0,0.0,-3,0,0,0,0,-3,0,-3,0,-3,0,-3,-3,0,-,
1716969217.514212,1716969227.514212,17,10.71.64.113,9829,255.255.255.255,1947,0,-3,-3,0,0,-3,-3,0.0,-3,0,-3,0,0,0,-3,-3,-3,0,-3,0,51,-3,0.0,0,-3,0,0,0.0,-3,0,0,0,0,-3,0,-3,0,-3,0,-3,-3,0,-,
1716969217.514212,1716969227.514212,17,10.71.123.75,9741,10.71.255.255,1947,0,-3,-3,0,0,-3,-3,0.0,-3,0,-3,0,0,0,-3,-3,-3,0,-3,0,51,-3,0.0,0,-3,0,0,0.0,-3,0,0,0,0,-3,0,-3,0,-3,0,-3,-3,0,-,
1716969217.514212,1716969227.514212,17,10.71.64.22,137,10.71.255.255,137,0,-3,-3,0,0,-3,-3,0.0,-3,0,-3,0,0,0,-3,-3,-3,0,-3,0,51,-3,0.0,0,-3,0,0,0.0,-3,0,0,0,0,-3,0,-3,0,-3,0,-3,-3,0,-,
1716969217.514212,1716969227.514212,17,10.71.64.16,5353,224.0.0.251,5353,0,-3,-3,0,0,-3,-3,0.0,-3,0,-3,0,0,0,-3,-3,-3,0,-3,0,51,-3,0.0,0,-3,0,0,0.0,-3,0,0,0,0,-3,0,-3,0,-3,0,-3,-3,0,-,
1716969217.514212,1716969227.514212,17,10.71.65.43,8058,255.255.255.255,8610,0,-3,-3,0,0,-3,-3,0.0,-3,0,-3,0,0,0,-3,-3,-3,0,-3,0,51,-3,0.0,0,-3,0,0,0.0,-3,0,0,0,0,-3,0,-3,0,-3,0,-3,-3,0,-,
1716969217.514212,1716969227.514212,17,10.71.123.75,137,10.71.255.255,137,0,-3,-3,0,0,-3,-3,0.0,-3,0,-3,0,0,0,-3,-3,-3,0,-3,0,51,-3,0.0,0,-3,0,0,0.0,-3,0,0,0,0,-3,0,-3,0,-3,0,-3,-3,0,-,
1716969217.514212,1716969227.514212,17,10.71.65.56,138,10.71.255.255,138,0,-3,-3,0,0,-3,-3,0.0,-3,0,-3,0,0,0,-3,-3,-3,0,-3,0,51,-3,0.0,0,-3,0,0,0.0,-3,0,0,0,0,-3,0,-3,0,-3,0,-3,-3,0,-,
1716969217.514212,1716969227.514212,17,10.71.65.38,2591,10.71.255.255,1947,0,-3,-3,0,0,-3,-3,0.0,-3,0,-3,0,0,0,-3,-3,-3,0,-3,0,51,-3,0.0,0,-3,0,0,0.0,-3,0,0,0,0,-3,0,-3,0,-3,0,-3,-3,0,-,
1716969217.514212,1716969227.514212,17,10.71.65.38,2592,255.255.255.255,1947,0,-3,-3,0,0,-3,-3,0.0,-3,0,-3,0,0,0,-3,-3,-3,0,-3,0,51,-3,0.0,0,-3,0,0,0.0,-3,0,0,0,0,-3,0,-3,0,-3,0,-3,-3,0,-,
1716969217.514212,1716969227.514212,17,10.71.65.34,137,10.71.255.255,137,0,-3,-3,0,0,-3,-3,0.0,-3,0,-3,0,0,0,-3,-3,-3,0,-3,0,51,-3,0.0,0,-3,0,0,0.0,-3,0,0,0,0,-3,0,-3,0,-3,0,-3,-3,0,-,
1716969217.514212,1716969227.514212,17,10.71.64.113,611,10.71.255.255,1947,0,-3,-3,0,0,-3,-3,0.0,-3,0,-3,0,0,0,-3,-3,-3,0,-3,0,51,-3,0.0,0,-3,0,0,0.0,-3,0,0,0,0,-3,0,-3,0,-3,0,-3,-3,0,-,
1716969217.514212,1716969227.514212,17,10.71.64.113,612,255.255.255.255,1947,0,-3,-3,0,0,-3,-3,0.0,-3,0,-3,0,0,0,-3,-3,-3,0,-3,0,51,-3,0.0,0,-3,0,0,0.0,-3,0,0,0,0,-3,0,-3,0,-3,0,-3,-3,0,-,
1716969217.514212,1716969227.514212,17,10.71.123.75,5017,10.71.255.255,1947,0,-3,-3,0,0,-3,-3,0.0,-3,0,-3,0,0,0,-3,-3,-3,0,-3,0,51,-3,0.0,0,-3,0,0,0.0,-3,0,0,0,0,-3,0,-3,0,-3,0,-3,-3,0,-,
1716969217.514212,1716969227.514212,17,10.71.123.75,5018,255.255.255.255,1947,0,-3,-3,0,0,-3,-3,0.0,-3,0,-3,0,0,0,-3,-3,-3,0,-3,0,51,-3,0.0,0,-3,0,0,0.0,-3,0,0,0,0,-3,0,-3,0,-3,0,-3,-3,0,-,
1716969217.514212,1716969227.514212,17,10.71.64.121,137,10.71.255.255,137,0,-3,-3,0,0,-3,-3,0.0,-3,0,-3,0,0,0,-3,-3,-3,0,-3,0,51,-3,0.0,0,-3,0,0,0.0,-3,0,0,0,0,-3,0,-3,0,-3,0,-3,-3,0,-,
1716969217.514212,1716969227.514212,17,10.71.65.38,137,10.71.255.255,137,0,-3,-3,0,0,-3,-3,0.0,-3,0,-3,0,0,0,-3,-3,-3,0,-3,0,51,-3,0.0,0,-3,0,0,0.0,-3,0,0,0,0,-3,0,-3,0,-3,0,-3,-3,0,-,
1716969217.514212,1716969227.514212,17,10.71.64.50,137,10.71.255.255,137,0,-3,-3,0,0,-3,-3,0.0,-3,0,-3,0,0,0,-3,-3,-3,0,-3,0,51,-3,0.0,0,-3,0,0,0.0,-3,0,0,0,0,-3,0,-3,0,-3,0,-3,-3,0,-,
1716969217.514212,1716969227.514212,17,10.71.64.147,138,10.71.255.255,138,0,-3,-3,0,0,-3,-3,0.0,-3,0,-3,0,0,0,-3,-3,-3,0,-3,0,51,-3,0.0,0,-3,0,0,0.0,-3,0,0,0,0,-3,0,-3,0,-3,0,-3,-3,0,-,
1716969217.514212,1716969227.514212,17,10.71.65.43,7329,255.255.255.255,8610,0,-3,-3,0,0,-3,-3,0.0,-3,0,-3,0,0,0,-3,-3,-3,0,-3,0,51,-3,0.0,0,-3,0,0,0.0,-3,0,0,0,0,-3,0,-3,0,-3,0,-3,-3,0,-,
1716969217.514212,1716969227.514212,17,10.71.65.29,137,10.71.255.255,137,0,-3,-3,0,0,-3,-3,0.0,-3,0,-3,0,0,0,-3,-3,-3,0,-3,0,51,-3,0.0,0,-3,0,0,0.0,-3,0,0,0,0,-3,0,-3,0,-3,0,-3,-3,0,-,
1716969217.514212,1716969227.514212,17,10.71.65.58,7120,239.255.255.250,1900,0,-3,-3,0,0,-3,-3,0.0,-3,0,-3,0,0,0,-3,-3,-3,0,-3,0,51,-3,0.0,0,-3,0,0,0.0,-3,0,0,0,0,-3,0,-3,0,-3,0,-3,-3,0,-,
1716969217.514212,1716969227.514212,17,10.71.64.147,137,10.71.255.255,137,0,-3,-3,0,0,-3,-3,0.0,-3,0,-3,0,0,0,-3,-3,-3,0,-3,0,51,-3,0.0,0,-3,0,0,0.0,-3,0,0,0,0,-3,0,-3,0,-3,0,-3,-3,0,-,
1716969217.514212,1716969227.514212,17,10.71.64.147,5353,224.0.0.251,5353,0,-3,-3,0,0,-3,-3,0.0,-3,0,-3,0,0,0,-3,-3,-3,0,-3,0,51,-3,0.0,0,-3,0,0,0.0,-3,0,0,0,0,-3,0,-3,0,-3,0,-3,-3,0,-,
1716969217.514212,1716969227.514212,17,10.71.65.38,2769,10.71.255.255,1947,0,-3,-3,0,0,-3,-3,0.0,-3,0,-3,0,0,0,-3,-3,-3,0,-3,0,51,-3,0.0,0,-3,0,0,0.0,-3,0,0,0,0,-3,0,-3,0,-3,0,-3,-3,0,-,
1716969217.514212,1716969227.514212,17,10.71.64.113,65,255.255.255.255,1947,0,-3,-3,0,0,-3,-3,0.0,-3,0,-3,0,0,0,-3,-3,-3,0,-3,0,51,-3,0.0,0,-3,0,0,0.0,-3,0,0,0,0,-3,0,-3,0,-3,0,-3,-3,0,-,
1716969217.514212,1716969227.514212,17,10.71.64.113,64,10.71.255.255,1947,0,-3,-3,0,0,-3,-3,0.0,-3,0,-3,0,0,0,-3,-3,-3,0,-3,0,51,-3,0.0,0,-3,0,0,0.0,-3,0,0,0,0,-3,0,-3,0,-3,0,-3,-3,0,-,
1716969217.514212,1716969227.514212,17,10.71.64.22,138,10.71.255.255,138,0,-3,-3,0,0,-3,-3,0.0,-3,0,-3,0,0,0,-3,-3,-3,0,-3,0,51,-3,0.0,0,-3,0,0,0.0,-3,0,0,0,0,-3,0,-3,0,-3,0,-3,-3,0,-,
1716969217.514212,1716969227.514212,17,10.71.65.58,5241,10.1.5.45,53,0,-3,-3,0,0,-3,-3,0.0,-3,0,-3,0,0,0,-3,-3,-3,0,-3,0,51,-3,0.0,0,-3,0,0,0.0,-3,0,0,0,0,-3,0,-3,0,-3,0,-3,-3,0,-,
1716969217.514212,1716969227.514212,17,10.1.5.45,53,10.71.65.58,5241,0,-3,-3,0,0,-3,-3,0.0,-3,0,-3,0,0,0,-3,-3,-3,0,-3,0,51,-3,0.0,0,-3,0,0,0.0,-3,0,0,0,0,-3,0,-3,0,-3,0,-3,-3,0,-,
1716969317.514212,1716969327.514212,17,10.71.64.106,4988,10.71.255.255,1007,0,-3,-3,0,81,-3,299997,0.30000000000000004,299997,558.0,0.0,0,0,0,-3,-3,558,0,0.0,0,51,0.0,0.0,0,-3,558,0,0.30000000000000004,0.0,0,0,0,3,558,0,0.0,0,-3,0,-3,-3,0,-,
1716969317.514212,1716969327.514212,6,10.71.65.58,4374,142.251.130.14,443,96.685410,-3,-3,0,1305,-3,0.000051,4.800000000000001,0.000051,1365.5625,6.51,96.685410,0,0,14.638956,14.638956,198,0,6.03,0,18,6.51,0.0,0,-3,21849,0,4.800000000000001,6.03,0,0,0,48,7626,48,2416.4700000000003,0,-3,30,-3,-3,0,-,
1716969317.514212,1716969327.514212,6,142.251.130.14,443,10.71.65.58,4374,160.751697,-3,-3,0,1782,-3,0.013269,6.6000000000000005,0.013269,503.31818181818187,6.57,160.751697,0,0,14.485221,14.485221,198,0,7.32,0,18,6.57,0.0,0,-3,11073,0,6.6000000000000005,7.32,0,0,0,66,3102,66,623.73,0,-3,36,-3,-3,0,-,
1716969317.514212,1716969327.514212,6,10.71.65.58,5374,172.217.25.3,443,0,-3,-3,0,0,-3,-3,0.0,-3,0,-3,0,0,0,-3,-3,-3,0,-3,0,18,-3,0.0,0,-3,0,0,0.0,-3,0,0,0,0,-3,0,-3,0,-3,0,-3,-3,0,-,
1716969317.514212,1716969327.514212,6,172.217.25.3,443,10.71.65.58,5374,0,-3,-3,0,0,-3,-3,0.0,-3,0,-3,0,0,0,-3,-3,-3,0,-3,0,18,-3,0.0,0,-3,0,0,0.0,-3,0,0,0,0,-3,0,-3,0,-3,0,-3,-3,0,-,
1716969317.514212,1716969327.514212,6,216.58.200.234,443,10.71.65.58,9332,0.337050,-3,-3,0,243,-3,0.166311,0.8999999999999999,0.166311,362.0,0.09,0.337050,0,0,0.170739,0.170739,198,0,0.12,0,18,0.09,0.0,0,-3,1086,0,0.8999999999999999,0.12,0,0,0,9,690,9,231.93,0,-3,3,-3,-3,0,-,
1716969317.514212,1716969327.514212,6,10.71.65.58,9332,216.58.200.234,443,0.002127,-3,-3,0,162,-3,0.002127,0.6000000000000001,0.002127,303.0,0.0,0.002127,0,0,0.002127,0.002127,303,0,0.00,0,18,0.0,0.0,0,-3,606,0,0.6000000000000001,0.00,0,0,0,6,303,6,0.0,0,-3,6,-3,-3,0,-,
1716969317.514212,1716969327.514212,17,10.71.64.113,5353,224.0.0.251,5353,23.965020,-3,-3,0,243,-3,11.982510,0.8999999999999999,11.982510,227.0,5.64,23.965020,0,0,11.982510,11.982510,225,0,7.98,0,51,5.64,0.0,0,-3,681,0,0.8999999999999999,7.98,0,0,0,9,228,0,1.41,0,-3,0,-3,-3,0,-,
1716969317.514212,1716969327.514212,6,10.71.65.58,9732,108.177.125.188,5228,0,-3,-3,0,0,-3,-3,0.0,-3,0,-3,0,0,0,-3,-3,-3,0,-3,0,18,-3,0.0,0,-3,0,0,0.0,-3,0,0,0,0,-3,0,-3,0,-3,0,-3,-3,0,-,
1716969317.514212,1716969327.514212,6,108.177.125.188,5228,10.71.65.58,9732,0,-3,-3,0,0,-3,-3,0.0,-3,0,-3,0,0,0,-3,-3,-3,0,-3,0,18,-3,0.0,0,-3,0,0,0.0,-3,0,0,0,0,-3,0,-3,0,-3,0,-3,-3,0,-,
1716969317.514212,1716969327.514212,17,10.71.64.123,137,10.71.255.255,137,0,-3,-3,0,0,-3,-3,0.0,-3,0,-3,0,0,0,-3,-3,-3,0,-3,0,51,-3,0.0,0,-3,0,0,0.0,-3,0,0,0,0,-3,0,-3,0,-3,0,-3,-3,0,-,
1716969317.514212,1716969327.514212,6,10.71.65.58,9320,216.58.200.234,443,0,-3,-3,0,0,-3,-3,0.0,-3,0,-3,0,0,0,-3,-3,-3,0,-3,0,18,-3,0.0,0,-3,0,0,0.0,-3,0,0,0,0,-3,0,-3,0,-3,0,-3,-3,0,-,
1716969317.514212,1716969327.514212,6,216.58.200.234,443,10.71.65.58,9320,0,-3,-3,0,0,-3,-3,0.0,-3,0,-3,0,0,0,-3,-3,-3,0,-3,0,18,-3,0.0,0,-3,0,0,0.0,-3,0,0,0,0,-3,0,-3,0,-3,0,-3,-3,0,-,
1716969317.514212,1716969327.514212,6,10.71.65.58,9468,64.233.188.84,443,0,-3,-3,0,0,-3,-3,0.0,-3,0,-3,0,0,0,-3,-3,-3,0,-3,0,18,-3,0.0,0,-3,0,0,0.0,-3,0,0,0,0,-3,0,-3,0,-3,0,-3,-3,0,-,
1716969317.514212,1716969327.514212,6,10.71.65.58,3372,142.250.207.110,443,0,-3,-3,0,0,-3,-3,0.0,-3,0,-3,0,0,0,-3,-3,-3,0,-3,0,18,-3,0.0,0,-3,0,0,0.0,-3,0,0,0,0,-3,0,-3,0,-3,0,-3,-3,0,-,
1716969317.514212,1716969327.514212,6,142.250.207.110,443,10.71.65.58,3372,0,-3,-3,0,0,-3,-3,0.0,-3,0,-3,0,0,0,-3,-3,-3,0,-3,0,18,-3,0.0,0,-3,0,0,0.0,-3,0,0,0,0,-3,0,-3,0,-3,0,-3,-3,0,-,
1716969317.514212,1716969327.514212,6,64.233.188.84,443,10.71.65.58,9468,0,-3,-3,0,0,-3,-3,0.0,-3,0,-3,0,0,0,-3,-3,-3,0,-3,0,18,-3,0.0,0,-3,0,0,0.0,-3,0,0,0,0,-3,0,-3,0,-3,0,-3,-3,0,-,
1716969317.514212,1716969327.514212,6,10.71.65.58,8940,142.250.76.131,443,0,-3,-3,0,0,-3,-3,0.0,-3,0,-3,0,0,0,-3,-3,-3,0,-3,0,18,-3,0.0,0,-3,0,0,0.0,-3,0,0,0,0,-3,0,-3,0,-3,0,-3,-3,0,-,
1716969317.514212,1716969327.514212,6,142.250.76.131,443,10.71.65.58,8940,0,-3,-3,0,0,-3,-3,0.0,-3,0,-3,0,0,0,-3,-3,-3,0,-3,0,18,-3,0.0,0,-3,0,0,0.0,-3,0,0,0,0,-3,0,-3,0,-3,0,-3,-3,0,-,
1716969317.514212,1716969327.514212,17,10.71.64.41,7500,255.255.255.255,7500,0,-3,-3,0,0,-3,-3,0.0,-3,0,-3,0,0,0,-3,-3,-3,0,-3,0,51,-3,0.0,0,-3,0,0,0.0,-3,0,0,0,0,-3,0,-3,0,-3,0,-3,-3,0,-,
1716969317.514212,1716969327.514212,17,10.71.64.41,7500,10.71.255.255,7500,0,-3,-3,0,0,-3,-3,0.0,-3,0,-3,0,0,0,-3,-3,-3,0,-3,0,51,-3,0.0,0,-3,0,0,0.0,-3,0,0,0,0,-3,0,-3,0,-3,0,-3,-3,0,-,
1716969317.514212,1716969327.514212,6,10.71.65.58,514,216.58.220.110,443,0,-3,-3,0,0,-3,-3,0.0,-3,0,-3,0,0,0,-3,-3,-3,0,-3,0,18,-3,0.0,0,-3,0,0,0.0,-3,0,0,0,0,-3,0,-3,0,-3,0,-3,-3,0,-,
1716969317.514212,1716969327.514212,6,216.58.220.110,443,10.71.65.58,514,0,-3,-3,0,0,-3,-3,0.0,-3,0,-3,0,0,0,-3,-3,-3,0,-3,0,18,-3,0.0,0,-3,0,0,0.0,-3,0,0,0,0,-3,0,-3,0,-3,0,-3,-3,0,-,
1716969317.514212,1716969327.514212,6,10.71.65.58,4576,172.217.161.234,443,0,-3,-3,0,0,-3,-3,0.0,-3,0,-3,0,0,0,-3,-3,-3,0,-3,0,18,-3,0.0,0,-3,0,0,0.0,-3,0,0,0,0,-3,0,-3,0,-3,0,-3,-3,0,-,
1716969317.514212,1716969327.514212,6,172.217.161.234,443,10.71.65.58,4576,0,-3,-3,0,0,-3,-3,0.0,-3,0,-3,0,0,0,-3,-3,-3,0,-3,0,18,-3,0.0,0,-3,0,0,0.0,-3,0,0,0,0,-3,0,-3,0,-3,0,-3,-3,0,-,
1716969317.514212,1716969327.514212,17,10.71.64.115,137,10.71.255.255,137,0,-3,-3,0,0,-3,-3,0.0,-3,0,-3,0,0,0,-3,-3,-3,0,-3,0,51,-3,0.0,0,-3,0,0,0.0,-3,0,0,0,0,-3,0,-3,0,-3,0,-3,-3,0,-,
1716969317.514212,1716969327.514212,17,10.71.64.16,5353,224.0.0.251,5353,22.769274,-3,-3,0,243,-3,8.326005,0.8999999999999999,8.326005,246.0,5.91,22.769274,0,0,14.443269,14.443269,246,0,7.59,0,51,5.91,0.0,0,-3,738,0,0.8999999999999999,7.59,0,0,0,9,246,0,0.0,0,-3,0,-3,-3,0,-,
1716969317.514212,1716969327.514212,17,10.71.65.43,8058,255.255.255.255,8610,0,-3,-3,0,81,-3,299997,0.30000000000000004,299997,174.0,0.0,0,0,0,-3,-3,174,0,0.0,0,51,0.0,0.0,0,-3,174,0,0.30000000000000004,0.0,0,0,0,3,174,0,0.0,0,-3,0,-3,-3,0,-,
1716969317.514212,1716969327.514212,17,10.71.123.75,137,10.71.255.255,137,0,-3,-3,0,81,-3,299997,0.30000000000000004,299997,276.0,0.0,0,0,0,-3,-3,276,0,0.0,0,51,0.0,0.0,0,-3,276,0,0.30000000000000004,0.0,0,0,0,3,276,0,0.0,0,-3,0,-3,-3,0,-,
1716969317.514212,1716969327.514212,17,10.71.65.56,138,10.71.255.255,138,0,-3,-3,0,81,-3,299997,0.30000000000000004,299997,648.0,0.0,0,0,0,-3,-3,648,0,0.0,0,51,0.0,0.0,0,-3,648,0,0.30000000000000004,0.0,0,0,0,3,648,0,0.0,0,-3,0,-3,-3,0,-,
1716969317.514212,1716969327.514212,17,10.71.65.38,2591,10.71.255.255,1947,0,-3,-3,0,0,-3,-3,0.0,-3,0,-3,0,0,0,-3,-3,-3,0,-3,0,51,-3,0.0,0,-3,0,0,0.0,-3,0,0,0,0,-3,0,-3,0,-3,0,-3,-3,0,-,
1716969317.514212,1716969327.514212,17,10.71.65.38,2592,255.255.255.255,1947,0,-3,-3,0,0,-3,-3,0.0,-3,0,-3,0,0,0,-3,-3,-3,0,-3,0,51,-3,0.0,0,-3,0,0,0.0,-3,0,0,0,0,-3,0,-3,0,-3,0,-3,-3,0,-,
1716969317.514212,1716969327.514212,17,10.71.65.34,137,10.71.255.255,137,0,-3,-3,0,0,-3,-3,0.0,-3,0,-3,0,0,0,-3,-3,-3,0,-3,0,51,-3,0.0,0,-3,0,0,0.0,-3,0,0,0,0,-3,0,-3,0,-3,0,-3,-3,0,-,
1716969317.514212,1716969327.514212,17,10.71.64.113,611,10.71.255.255,1947,0,-3,-3,0,0,-3,-3,0.0,-3,0,-3,0,0,0,-3,-3,-3,0,-3,0,51,-3,0.0,0,-3,0,0,0.0,-3,0,0,0,0,-3,0,-3,0,-3,0,-3,-3,0,-,
1716969317.514212,1716969327.514212,17,10.71.64.113,612,255.255.255.255,1947,0,-3,-3,0,0,-3,-3,0.0,-3,0,-3,0,0,0,-3,-3,-3,0,-3,0,51,-3,0.0,0,-3,0,0,0.0,-3,0,0,0,0,-3,0,-3,0,-3,0,-3,-3,0,-,
1716969317.514212,1716969327.514212,17,10.71.123.75,5017,10.71.255.255,1947,0,-3,-3,0,0,-3,-3,0.0,-3,0,-3,0,0,0,-3,-3,-3,0,-3,0,51,-3,0.0,0,-3,0,0,0.0,-3,0,0,0,0,-3,0,-3,0,-3,0,-3,-3,0,-,
1716969317.514212,1716969327.514212,17,10.71.123.75,5018,255.255.255.255,1947,0,-3,-3,0,0,-3,-3,0.0,-3,0,-3,0,0,0,-3,-3,-3,0,-3,0,51,-3,0.0,0,-3,0,0,0.0,-3,0,0,0,0,-3,0,-3,0,-3,0,-3,-3,0,-,
1716969317.514212,1716969327.514212,17,10.71.64.121,137,10.71.255.255,137,0,-3,-3,0,0,-3,-3,0.0,-3,0,-3,0,0,0,-3,-3,-3,0,-3,0,51,-3,0.0,0,-3,0,0,0.0,-3,0,0,0,0,-3,0,-3,0,-3,0,-3,-3,0,-,
1716969317.514212,1716969327.514212,17,10.71.65.38,137,10.71.255.255,137,0,-3,-3,0,0,-3,-3,0.0,-3,0,-3,0,0,0,-3,-3,-3,0,-3,0,51,-3,0.0,0,-3,0,0,0.0,-3,0,0,0,0,-3,0,-3,0,-3,0,-3,-3,0,-,
1716969317.514212,1716969327.514212,17,10.71.64.50,137,10.71.255.255,137,0,-3,-3,0,0,-3,-3,0.0,-3,0,-3,0,0,0,-3,-3,-3,0,-3,0,51,-3,0.0,0,-3,0,0,0.0,-3,0,0,0,0,-3,0,-3,0,-3,0,-3,-3,0,-,
1716969317.514212,1716969327.514212,17,10.71.64.147,138,10.71.255.255,138,0,-3,-3,0,0,-3,-3,0.0,-3,0,-3,0,0,0,-3,-3,-3,0,-3,0,51,-3,0.0,0,-3,0,0,0.0,-3,0,0,0,0,-3,0,-3,0,-3,0,-3,-3,0,-,
1716969317.514212,1716969327.514212,17,10.71.65.43,7329,255.255.255.255,8610,0,-3,-3,0,0,-3,-3,0.0,-3,0,-3,0,0,0,-3,-3,-3,0,-3,0,51,-3,0.0,0,-3,0,0,0.0,-3,0,0,0,0,-3,0,-3,0,-3,0,-3,-3,0,-,
1716969317.514212,1716969327.514212,17,10.71.65.29,137,10.71.255.255,137,0,-3,-3,0,0,-3,-3,0.0,-3,0,-3,0,0,0,-3,-3,-3,0,-3,0,51,-3,0.0,0,-3,0,0,0.0,-3,0,0,0,0,-3,0,-3,0,-3,0,-3,-3,0,-,
1716969317.514212,1716969327.514212,17,10.71.65.58,7120,239.255.255.250,1900,0,-3,-3,0,0,-3,-3,0.0,-3,0,-3,0,0,0,-3,-3,-3,0,-3,0,51,-3,0.0,0,-3,0,0,0.0,-3,0,0,0,0,-3,0,-3,0,-3,0,-3,-3,0,-,
1716969317.514212,1716969327.514212,17,10.71.64.147,137,10.71.255.255,137,0,-3,-3,0,0,-3,-3,0.0,-3,0,-3,0,0,0,-3,-3,-3,0,-3,0,51,-3,0.0,0,-3,0,0,0.0,-3,0,0,0,0,-3,0,-3,0,-3,0,-3,-3,0,-,
1716969317.514212,1716969327.514212,17,10.71.64.147,5353,224.0.0.251,5353,0,-3,-3,0,0,-3,-3,0.0,-3,0,-3,0,0,0,-3,-3,-3,0,-3,0,51,-3,0.0,0,-3,0,0,0.0,-3,0,0,0,0,-3,0,-3,0,-3,0,-3,-3,0,-,
1716969317.514212,1716969327.514212,17,10.71.65.38,2769,10.71.255.255,1947,0,-3,-3,0,0,-3,-3,0.0,-3,0,-3,0,0,0,-3,-3,-3,0,-3,0,51,-3,0.0,0,-3,0,0,0.0,-3,0,0,0,0,-3,0,-3,0,-3,0,-3,-3,0,-,
1716969317.514212,1716969327.514212,17,10.71.64.113,65,255.255.255.255,1947,0,-3,-3,0,0,-3,-3,0.0,-3,0,-3,0,0,0,-3,-3,-3,0,-3,0,51,-3,0.0,0,-3,0,0,0.0,-3,0,0,0,0,-3,0,-3,0,-3,0,-3,-3,0,-,
1716969317.514212,1716969327.514212,17,10.71.64.113,64,10.71.255.255,1947,0,-3,-3,0,0,-3,-3,0.0,-3,0,-3,0,0,0,-3,-3,-3,0,-3,0,51,-3,0.0,0,-3,0,0,0.0,-3,0,0,0,0,-3,0,-3,0,-3,0,-3,-3,0,-,
1716969317.514212,1716969327.514212,17,10.71.64.22,138,10.71.255.255,138,0,-3,-3,0,0,-3,-3,0.0,-3,0,-3,0,0,0,-3,-3,-3,0,-3,0,51,-3,0.0,0,-3,0,0,0.0,-3,0,0,0,0,-3,0,-3,0,-3,0,-3,-3,0,-,
1716969317.514212,1716969327.514212,17,10.71.65.58,5241,10.1.5.45,53,0,-3,-3,0,0,-3,-3,0.0,-3,0,-3,0,0,0,-3,-3,-3,0,-3,0,51,-3,0.0,0,-3,0,0,0.0,-3,0,0,0,0,-3,0,-3,0,-3,0,-3,-3,0,-,
1716969317.514212,1716969327.514212,17,10.1.5.45,53,10.71.65.58,5241,0,-3,-3,0,0,-3,-3,0.0,-3,0,-3,0,0,0,-3,-3,-3,0,-3,0,51,-3,0.0,0,-3,0,0,0.0,-3,0,0,0,0,-3,0,-3,0,-3,0,-3,-3,0,-,
1716969217.514212,1716969227.514212,17,10.71.65.56,5353,224.0.0.251,5353,0.000000,-2,-2,0,162,-2,0.000000,0.6,0.000000,352.0,0.0,0.000000,0,0,0.000000,0.000000,352,0,0.00,0,34,0.0,0.0,0,-2,1056,0,0.6,0.00,0,0,0,6,352,0,0.0,0,-2,0,-2,-2,0,-,
1716969217.514212,1716969227.514212,17,10.71.64.106,4988,10.71.255.255,1007,0.000000,-2,-2,0,162,-2,0.000000,0.6,0.000000,372.0,0.0,0.000000,0,0,0.000000,0.000000,372,0,0.00,0,34,0.0,0.0,0,-2,1116,0,0.6,0.00,0,0,0,6,372,0,0.0,0,-2,0,-2,-2,0,-,
1716969217.514212,1716969227.514212,17,10.71.65.56,137,10.71.255.255,137,32.664294,-2,-2,0,810,-2,0.000000,3.0,0.000000,220.0,2.3,32.664294,0,0,5.962558,5.962558,220,0,2.18,0,34,2.3,0.0,0,-2,3300,0,3.0,2.18,0,0,0,30,220,0,0.0,0,-2,0,-2,-2,0,-,
1716969217.514212,1716969227.514212,6,10.71.65.58,4374,142.251.130.14,443,5.270760,-2,-2,0,972,-2,0.000000,3.6,0.000000,1252.0,0.3,5.270760,0,0,0.584842,0.584842,132,0,0.30,0,12,0.3,0.0,0,-2,22536,0,3.6,0.30,0,0,0,36,5084,36,1777.2,0,-2,30,-2,-2,0,-,
1716969217.514212,1716969227.514212,6,142.251.130.14,443,10.71.65.58,4374,9.048588,-2,-2,0,1620,-2,0.000000,6.0,0.000000,244.6,0.26,9.048588,0,0,0.582162,0.582162,132,0,0.30,0,12,0.26,0.0,0,-2,7338,0,6.0,0.30,0,0,0,60,636,60,179.02,0,-2,24,-2,-2,0,-,
1716969217.514212,1716969227.514212,6,10.71.65.58,5374,172.217.25.3,443,1.239060,-2,-2,0,810,-2,0.000000,3.0,0.000000,216.8,0.06,1.239060,0,0,0.137982,0.137982,132,0,0.08,0,12,0.06,0.0,0,-2,3252,0,3.0,0.08,0,0,0,30,330,30,63.74,0,-2,24,-2,-2,0,-,
1716969217.514212,1716969227.514212,6,172.217.25.3,443,10.71.65.58,5374,0.803754,-2,-2,0,1296,-2,0.000000,4.8,0.000000,195.75,0.04,0.803754,0,0,0.149426,0.149426,132,0,0.04,0,12,0.04,0.0,0,-2,4698,0,4.8,0.04,0,0,0,48,280,48,57.16,0,-2,30,-2,-2,0,-,
1716969217.514212,1716969227.514212,17,10.71.64.34,5353,224.0.0.251,5353,10.154880,-2,-2,0,432,-2,0.000000,1.6,0.000000,140.0,0.98,10.154880,0,0,2.030976,2.030976,140,0,1.26,0,34,0.98,0.0,0,-2,1120,0,1.6,1.26,0,0,0,16,140,0,0.0,0,-2,0,-2,-2,0,-,
1716969217.514212,1716969227.514212,17,10.71.64.34,137,10.71.255.255,137,6.136412,-2,-2,0,270,-2,0.000000,1.0,0.000000,184.0,1.5,6.136412,0,0,3.068206,3.068206,184,0,1.22,0,34,1.5,0.0,0,-2,920,0,1.0,1.22,0,0,0,10,184,0,0.0,0,-2,0,-2,-2,0,-,
1716969217.514212,1716969227.514212,6,216.58.200.234,443,10.71.65.58,9332,0.712380,-2,-2,0,486,-2,0.000000,1.8,0.000000,241.33333333333334,0.06,0.712380,0,0,0.119322,0.119322,132,0,0.08,0,12,0.06,0.0,0,-2,2172,0,1.8,0.08,0,0,0,18,460,18,154.62,0,-2,6,-2,-2,0,-,
1716969217.514212,1716969227.514212,6,10.71.65.58,9332,216.58.200.234,443,0.002316,-2,-2,0,324,-2,0.000000,1.2,0.000000,202.0,0.0,0.002316,0,0,0.000772,0.000772,202,0,0.00,0,12,0.0,0.0,0,-2,1212,0,1.2,0.00,0,0,0,12,202,12,0.0,0,-2,12,-2,-2,0,-,
1716969217.514212,1716969227.514212,17,10.71.64.113,5353,224.0.0.251,5353,23.983056,-2,-2,0,648,-2,0.000000,2.4,0.000000,151.0,2.42,23.983056,0,0,5.945762,5.945762,150,0,2.00,0,34,2.42,0.0,0,-2,1812,0,2.4,2.00,0,0,0,24,152,0,1.0,0,-2,0,-2,-2,0,-,
1716969217.514212,1716969227.514212,6,10.71.65.58,9732,108.177.125.188,5228,0.000000,-2,-2,0,162,-2,0.000000,0.6,0.000000,132.0,0.0,0.000000,0,0,0.000000,0.000000,132,0,0.00,0,12,0.0,0.0,0,-2,396,0,0.6,0.00,0,0,0,6,132,6,0.0,0,-2,0,-2,-2,0,-,
1716969217.514212,1716969227.514212,6,108.177.125.188,5228,10.71.65.58,9732,0.000000,-2,-2,0,162,-2,0.000000,0.6,0.000000,132.0,0.0,0.000000,0,0,0.000000,0.000000,132,0,0.00,0,12,0.0,0.0,0,-2,396,0,0.6,0.00,0,0,0,6,132,6,0.0,0,-2,0,-2,-2,0,-,
1716969217.514212,1716969227.514212,17,10.71.64.123,137,10.71.255.255,137,8.597244,-2,-2,0,324,-2,0.000000,1.2,0.000000,184.0,1.44,8.597244,0,0,2.865748,2.865748,184,0,1.44,0,34,1.44,0.0,0,-2,1104,0,1.2,1.44,0,0,0,12,184,0,0.0,0,-2,0,-2,-2,0,-,
1716969217.514212,1716969227.514212,17,10.71.64.228,5353,224.0.0.251,5353,13.540518,-2,-2,0,324,-2,0.000000,1.2,0.000000,164.0,2.26,13.540518,0,0,4.513506,4.513506,164,0,2.26,0,34,2.26,0.0,0,-2,984,0,1.2,2.26,0,0,0,12,164,0,0.0,0,-2,0,-2,-2,0,-,
1716969217.514212,1716969227.514212,17,10.71.64.108,137,10.71.255.255,137,12.899232,-2,-2,0,486,-2,0.000000,1.8,0.000000,184.0,1.18,12.899232,0,0,2.867856,2.867856,184,0,1.44,0,34,1.18,0.0,0,-2,1656,0,1.8,1.44,0,0,0,18,184,0,0.0,0,-2,0,-2,-2,0,-,
1716969217.514212,1716969227.514212,17,10.71.123.59,137,10.71.255.255,137,0.000000,-2,-2,0,108,-2,0.000000,0.4,0.000000,184.0,0.0,0.000000,0,0,0.000000,0.000000,184,0,0.00,0,34,0.0,0.0,0,-2,368,0,0.4,0.00,0,0,0,4,184,0,0.0,0,-2,0,-2,-2,0,-,
1716969217.514212,1716969227.514212,17,10.71.64.103,137,10.71.255.255,137,0,-2,-2,0,0,-2,-2,0.0,-2,0,-2,0,0,0,-2,-2,-2,0,-2,0,34,-2,0.0,0,-2,0,0,0.0,-2,0,0,0,0,-2,0,-2,0,-2,0,-2,-2,0,-,
1716969217.514212,1716969227.514212,17,10.71.65.58,9424,10.1.5.45,53,0,-2,-2,0,0,-2,-2,0.0,-2,0,-2,0,0,0,-2,-2,-2,0,-2,0,34,-2,0.0,0,-2,0,0,0.0,-2,0,0,0,0,-2,0,-2,0,-2,0,-2,-2,0,-,
1716969217.514212,1716969227.514212,17,10.1.5.45,53,10.71.65.58,9424,0,-2,-2,0,0,-2,-2,0.0,-2,0,-2,0,0,0,-2,-2,-2,0,-2,0,34,-2,0.0,0,-2,0,0,0.0,-2,0,0,0,0,-2,0,-2,0,-2,0,-2,-2,0,-,
1716969217.514212,1716969227.514212,17,10.71.65.38,8471,10.71.255.255,1947,0,-2,-2,0,0,-2,-2,0.0,-2,0,-2,0,0,0,-2,-2,-2,0,-2,0,34,-2,0.0,0,-2,0,0,0.0,-2,0,0,0,0,-2,0,-2,0,-2,0,-2,-2,0,-,
1716969217.514212,1716969227.514212,6,10.71.65.58,9320,216.58.200.234,443,0,-2,-2,0,0,-2,-2,0.0,-2,0,-2,0,0,0,-2,-2,-2,0,-2,0,12,-2,0.0,0,-2,0,0,0.0,-2,0,0,0,0,-2,0,-2,0,-2,0,-2,-2,0,-,
1716969217.514212,1716969227.514212,6,216.58.200.234,443,10.71.65.58,9320,0,-2,-2,0,0,-2,-2,0.0,-2,0,-2,0,0,0,-2,-2,-2,0,-2,0,12,-2,0.0,0,-2,0,0,0.0,-2,0,0,0,0,-2,0,-2,0,-2,0,-2,-2,0,-,
1716969217.514212,1716969227.514212,17,10.71.64.250,137,10.71.255.255,137,0,-2,-2,0,0,-2,-2,0.0,-2,0,-2,0,0,0,-2,-2,-2,0,-2,0,34,-2,0.0,0,-2,0,0,0.0,-2,0,0,0,0,-2,0,-2,0,-2,0,-2,-2,0,-,
1716969217.514212,1716969227.514212,17,10.71.64.113,9759,10.71.255.255,1947,0,-2,-2,0,0,-2,-2,0.0,-2,0,-2,0,0,0,-2,-2,-2,0,-2,0,34,-2,0.0,0,-2,0,0,0.0,-2,0,0,0,0,-2,0,-2,0,-2,0,-2,-2,0,-,
1716969217.514212,1716969227.514212,17,10.71.64.113,9760,255.255.255.255,1947,0,-2,-2,0,0,-2,-2,0.0,-2,0,-2,0,0,0,-2,-2,-2,0,-2,0,34,-2,0.0,0,-2,0,0,0.0,-2,0,0,0,0,-2,0,-2,0,-2,0,-2,-2,0,-,
1716969217.514212,1716969227.514212,17,10.71.65.43,4413,255.255.255.255,8610,0,-2,-2,0,0,-2,-2,0.0,-2,0,-2,0,0,0,-2,-2,-2,0,-2,0,34,-2,0.0,0,-2,0,0,0.0,-2,0,0,0,0,-2,0,-2,0,-2,0,-2,-2,0,-,
1716969217.514212,1716969227.514212,17,10.71.65.58,4883,239.255.255.250,1900,0,-2,-2,0,0,-2,-2,0.0,-2,0,-2,0,0,0,-2,-2,-2,0,-2,0,34,-2,0.0,0,-2,0,0,0.0,-2,0,0,0,0,-2,0,-2,0,-2,0,-2,-2,0,-,
1716969217.514212,1716969227.514212,17,10.71.123.56,137,10.71.255.255,137,0,-2,-2,0,0,-2,-2,0.0,-2,0,-2,0,0,0,-2,-2,-2,0,-2,0,34,-2,0.0,0,-2,0,0,0.0,-2,0,0,0,0,-2,0,-2,0,-2,0,-2,-2,0,-,
1716969217.514212,1716969227.514212,6,10.71.65.58,9468,64.233.188.84,443,0,-2,-2,0,0,-2,-2,0.0,-2,0,-2,0,0,0,-2,-2,-2,0,-2,0,12,-2,0.0,0,-2,0,0,0.0,-2,0,0,0,0,-2,0,-2,0,-2,0,-2,-2,0,-,
1716969217.514212,1716969227.514212,6,10.71.65.58,3372,142.250.207.110,443,0,-2,-2,0,0,-2,-2,0.0,-2,0,-2,0,0,0,-2,-2,-2,0,-2,0,12,-2,0.0,0,-2,0,0,0.0,-2,0,0,0,0,-2,0,-2,0,-2,0,-2,-2,0,-,
1716969217.514212,1716969227.514212,6,142.250.207.110,443,10.71.65.58,3372,0,-2,-2,0,0,-2,-2,0.0,-2,0,-2,0,0,0,-2,-2,-2,0,-2,0,12,-2,0.0,0,-2,0,0,0.0,-2,0,0,0,0,-2,0,-2,0,-2,0,-2,-2,0,-,
1716969217.514212,1716969227.514212,6,64.233.188.84,443,10.71.65.58,9468,0,-2,-2,0,0,-2,-2,0.0,-2,0,-2,0,0,0,-2,-2,-2,0,-2,0,12,-2,0.0,0,-2,0,0,0.0,-2,0,0,0,0,-2,0,-2,0,-2,0,-2,-2,0,-,
1716969217.514212,1716969227.514212,17,10.71.64.252,137,10.71.255.255,137,0,-2,-2,0,0,-2,-2,0.0,-2,0,-2,0,0,0,-2,-2,-2,0,-2,0,34,-2,0.0,0,-2,0,0,0.0,-2,0,0,0,0,-2,0,-2,0,-2,0,-2,-2,0,-,
1716969217.514212,1716969227.514212,6,10.71.65.58,8940,142.250.76.131,443,0,-2,-2,0,0,-2,-2,0.0,-2,0,-2,0,0,0,-2,-2,-2,0,-2,0,12,-2,0.0,0,-2,0,0,0.0,-2,0,0,0,0,-2,0,-2,0,-2,0,-2,-2,0,-,
1716969217.514212,1716969227.514212,6,142.250.76.131,443,10.71.65.58,8940,0,-2,-2,0,0,-2,-2,0.0,-2,0,-2,0,0,0,-2,-2,-2,0,-2,0,12,-2,0.0,0,-2,0,0,0.0,-2,0,0,0,0,-2,0,-2,0,-2,0,-2,-2,0,-,
1716969217.514212,1716969227.514212,17,10.71.64.41,7500,255.255.255.255,7500,0,-2,-2,0,0,-2,-2,0.0,-2,0,-2,0,0,0,-2,-2,-2,0,-2,0,34,-2,0.0,0,-2,0,0,0.0,-2,0,0,0,0,-2,0,-2,0,-2,0,-2,-2,0,-,
1716969217.514212,1716969227.514212,17,10.71.64.41,7500,10.71.255.255,7500,0,-2,-2,0,0,-2,-2,0.0,-2,0,-2,0,0,0,-2,-2,-2,0,-2,0,34,-2,0.0,0,-2,0,0,0.0,-2,0,0,0,0,-2,0,-2,0,-2,0,-2,-2,0,-,
1716969217.514212,1716969227.514212,17,10.71.64.51,138,10.71.255.255,138,0,-2,-2,0,0,-2,-2,0.0,-2,0,-2,0,0,0,-2,-2,-2,0,-2,0,34,-2,0.0,0,-2,0,0,0.0,-2,0,0,0,0,-2,0,-2,0,-2,0,-2,-2,0,-,
1716969217.514212,1716969227.514212,6,10.71.65.58,514,216.58.220.110,443,0,-2,-2,0,0,-2,-2,0.0,-2,0,-2,0,0,0,-2,-2,-2,0,-2,0,12,-2,0.0,0,-2,0,0,0.0,-2,0,0,0,0,-2,0,-2,0,-2,0,-2,-2,0,-,
1716969217.514212,1716969227.514212,6,216.58.220.110,443,10.71.65.58,514,0,-2,-2,0,0,-2,-2,0.0,-2,0,-2,0,0,0,-2,-2,-2,0,-2,0,12,-2,0.0,0,-2,0,0,0.0,-2,0,0,0,0,-2,0,-2,0,-2,0,-2,-2,0,-,
1716969217.514212,1716969227.514212,17,10.71.64.78,137,10.71.255.255,137,0,-2,-2,0,0,-2,-2,0.0,-2,0,-2,0,0,0,-2,-2,-2,0,-2,0,34,-2,0.0,0,-2,0,0,0.0,-2,0,0,0,0,-2,0,-2,0,-2,0,-2,-2,0,-,
1716969217.514212,1716969227.514212,17,10.71.122.136,137,10.71.255.255,137,0,-2,-2,0,0,-2,-2,0.0,-2,0,-2,0,0,0,-2,-2,-2,0,-2,0,34,-2,0.0,0,-2,0,0,0.0,-2,0,0,0,0,-2,0,-2,0,-2,0,-2,-2,0,-,
1716969217.514212,1716969227.514212,17,10.71.64.224,137,10.71.255.255,137,0,-2,-2,0,0,-2,-2,0.0,-2,0,-2,0,0,0,-2,-2,-2,0,-2,0,34,-2,0.0,0,-2,0,0,0.0,-2,0,0,0,0,-2,0,-2,0,-2,0,-2,-2,0,-,
1716969217.514212,1716969227.514212,17,10.71.64.103,138,10.71.255.255,138,0,-2,-2,0,0,-2,-2,0.0,-2,0,-2,0,0,0,-2,-2,-2,0,-2,0,34,-2,0.0,0,-2,0,0,0.0,-2,0,0,0,0,-2,0,-2,0,-2,0,-2,-2,0,-,
1716969217.514212,1716969227.514212,6,10.71.65.58,4576,172.217.161.234,443,0,-2,-2,0,0,-2,-2,0.0,-2,0,-2,0,0,0,-2,-2,-2,0,-2,0,12,-2,0.0,0,-2,0,0,0.0,-2,0,0,0,0,-2,0,-2,0,-2,0,-2,-2,0,-,
1716969217.514212,1716969227.514212,6,172.217.161.234,443,10.71.65.58,4576,0,-2,-2,0,0,-2,-2,0.0,-2,0,-2,0,0,0,-2,-2,-2,0,-2,0,12,-2,0.0,0,-2,0,0,0.0,-2,0,0,0,0,-2,0,-2,0,-2,0,-2,-2,0,-,
1716969217.514212,1716969227.514212,17,10.71.65.38,3793,10.71.255.255,1947,0,-2,-2,0,0,-2,-2,0.0,-2,0,-2,0,0,0,-2,-2,-2,0,-2,0,34,-2,0.0,0,-2,0,0,0.0,-2,0,0,0,0,-2,0,-2,0,-2,0,-2,-2,0,-,
1716969217.514212,1716969227.514212,17,10.71.65.43,5072,255.255.255.255,8610,0,-2,-2,0,0,-2,-2,0.0,-2,0,-2,0,0,0,-2,-2,-2,0,-2,0,34,-2,0.0,0,-2,0,0,0.0,-2,0,0,0,0,-2,0,-2,0,-2,0,-2,-2,0,-,
1716969217.514212,1716969227.514212,17,10.71.64.113,6027,10.71.255.255,1947,0,-2,-2,0,0,-2,-2,0.0,-2,0,-2,0,0,0,-2,-2,-2,0,-2,0,34,-2,0.0,0,-2,0,0,0.0,-2,0,0,0,0,-2,0,-2,0,-2,0,-2,-2,0,-,
1716969217.514212,1716969227.514212,17,10.71.64.113,6028,255.255.255.255,1947,0,-2,-2,0,0,-2,-2,0.0,-2,0,-2,0,0,0,-2,-2,-2,0,-2,0,34,-2,0.0,0,-2,0,0,0.0,-2,0,0,0,0,-2,0,-2,0,-2,0,-2,-2,0,-,
1716969217.514212,1716969227.514212,17,10.71.123.75,8451,10.71.255.255,1947,0,-2,-2,0,0,-2,-2,0.0,-2,0,-2,0,0,0,-2,-2,-2,0,-2,0,34,-2,0.0,0,-2,0,0,0.0,-2,0,0,0,0,-2,0,-2,0,-2,0,-2,-2,0,-,
1716969217.514212,1716969227.514212,17,10.71.123.75,8450,255.255.255.255,1947,0,-2,-2,0,0,-2,-2,0.0,-2,0,-2,0,0,0,-2,-2,-2,0,-2,0,34,-2,0.0,0,-2,0,0,0.0,-2,0,0,0,0,-2,0,-2,0,-2,0,-2,-2,0,-,
1716969217.514212,1716969227.514212,17,10.71.64.51,137,10.71.255.255,137,0,-2,-2,0,0,-2,-2,0.0,-2,0,-2,0,0,0,-2,-2,-2,0,-2,0,34,-2,0.0,0,-2,0,0,0.0,-2,0,0,0,0,-2,0,-2,0,-2,0,-2,-2,0,-,
1716969217.514212,1716969227.514212,17,10.71.64.224,5353,224.0.0.251,5353,0,-2,-2,0,0,-2,-2,0.0,-2,0,-2,0,0,0,-2,-2,-2,0,-2,0,34,-2,0.0,0,-2,0,0,0.0,-2,0,0,0,0,-2,0,-2,0,-2,0,-2,-2,0,-,
1716969217.514212,1716969227.514212,17,10.71.65.58,7665,10.1.5.46,53,0,-2,-2,0,0,-2,-2,0.0,-2,0,-2,0,0,0,-2,-2,-2,0,-2,0,34,-2,0.0,0,-2,0,0,0.0,-2,0,0,0,0,-2,0,-2,0,-2,0,-2,-2,0,-,
1716969217.514212,1716969227.514212,17,10.1.5.46,53,10.71.65.58,7665,0,-2,-2,0,0,-2,-2,0.0,-2,0,-2,0,0,0,-2,-2,-2,0,-2,0,34,-2,0.0,0,-2,0,0,0.0,-2,0,0,0,0,-2,0,-2,0,-2,0,-2,-2,0,-,
1716969217.514212,1716969227.514212,17,10.71.65.33,137,10.71.255.255,137,0,-2,-2,0,0,-2,-2,0.0,-2,0,-2,0,0,0,-2,-2,-2,0,-2,0,34,-2,0.0,0,-2,0,0,0.0,-2,0,0,0,0,-2,0,-2,0,-2,0,-2,-2,0,-,
1716969217.514212,1716969227.514212,17,10.71.64.40,5353,224.0.0.251,5353,0,-2,-2,0,0,-2,-2,0.0,-2,0,-2,0,0,0,-2,-2,-2,0,-2,0,34,-2,0.0,0,-2,0,0,0.0,-2,0,0,0,0,-2,0,-2,0,-2,0,-2,-2,0,-,
1716969217.514212,1716969227.514212,17,10.71.64.225,137,10.71.255.255,137,0,-2,-2,0,0,-2,-2,0.0,-2,0,-2,0,0,0,-2,-2,-2,0,-2,0,34,-2,0.0,0,-2,0,0,0.0,-2,0,0,0,0,-2,0,-2,0,-2,0,-2,-2,0,-,
1716969217.514212,1716969227.514212,17,10.71.65.43,9277,255.255.255.255,8610,0,-2,-2,0,0,-2,-2,0.0,-2,0,-2,0,0,0,-2,-2,-2,0,-2,0,34,-2,0.0,0,-2,0,0,0.0,-2,0,0,0,0,-2,0,-2,0,-2,0,-2,-2,0,-,
1716969217.514212,1716969227.514212,17,10.71.64.184,137,10.71.255.255,137,0,-2,-2,0,0,-2,-2,0.0,-2,0,-2,0,0,0,-2,-2,-2,0,-2,0,34,-2,0.0,0,-2,0,0,0.0,-2,0,0,0,0,-2,0,-2,0,-2,0,-2,-2,0,-,
1716969217.514212,1716969227.514212,17,10.71.64.146,5353,224.0.0.251,5353,0,-2,-2,0,0,-2,-2,0.0,-2,0,-2,0,0,0,-2,-2,-2,0,-2,0,34,-2,0.0,0,-2,0,0,0.0,-2,0,0,0,0,-2,0,-2,0,-2,0,-2,-2,0,-,
1716969217.514212,1716969227.514212,17,10.71.64.146,137,10.71.255.255,137,0,-2,-2,0,0,-2,-2,0.0,-2,0,-2,0,0,0,-2,-2,-2,0,-2,0,34,-2,0.0,0,-2,0,0,0.0,-2,0,0,0,0,-2,0,-2,0,-2,0,-2,-2,0,-,
1716969217.514212,1716969227.514212,17,10.71.65.38,6970,255.255.255.255,1947,0,-2,-2,0,0,-2,-2,0.0,-2,0,-2,0,0,0,-2,-2,-2,0,-2,0,34,-2,0.0,0,-2,0,0,0.0,-2,0,0,0,0,-2,0,-2,0,-2,0,-2,-2,0,-,
1716969217.514212,1716969227.514212,17,10.71.64.115,137,10.71.255.255,137,0,-2,-2,0,0,-2,-2,0.0,-2,0,-2,0,0,0,-2,-2,-2,0,-2,0,34,-2,0.0,0,-2,0,0,0.0,-2,0,0,0,0,-2,0,-2,0,-2,0,-2,-2,0,-,
1716969217.514212,1716969227.514212,17,10.71.64.113,9828,10.71.255.255,1947,0,-2,-2,0,0,-2,-2,0.0,-2,0,-2,0,0,0,-2,-2,-2,0,-2,0,34,-2,0.0,0,-2,0,0,0.0,-2,0,0,0,0,-2,0,-2,0,-2,0,-2,-2,0,-,
1716969217.514212,1716969227.514212,17,10.71.64.113,9829,255.255.255.255,1947,0,-2,-2,0,0,-2,-2,0.0,-2,0,-2,0,0,0,-2,-2,-2,0,-2,0,34,-2,0.0,0,-2,0,0,0.0,-2,0,0,0,0,-2,0,-2,0,-2,0,-2,-2,0,-,
1716969217.514212,1716969227.514212,17,10.71.123.75,9741,10.71.255.255,1947,0,-2,-2,0,0,-2,-2,0.0,-2,0,-2,0,0,0,-2,-2,-2,0,-2,0,34,-2,0.0,0,-2,0,0,0.0,-2,0,0,0,0,-2,0,-2,0,-2,0,-2,-2,0,-,
1716969217.514212,1716969227.514212,17,10.71.64.22,137,10.71.255.255,137,0,-2,-2,0,0,-2,-2,0.0,-2,0,-2,0,0,0,-2,-2,-2,0,-2,0,34,-2,0.0,0,-2,0,0,0.0,-2,0,0,0,0,-2,0,-2,0,-2,0,-2,-2,0,-,
1716969217.514212,1716969227.514212,17,10.71.64.16,5353,224.0.0.251,5353,0,-2,-2,0,0,-2,-2,0.0,-2,0,-2,0,0,0,-2,-2,-2,0,-2,0,34,-2,0.0,0,-2,0,0,0.0,-2,0,0,0,0,-2,0,-2,0,-2,0,-2,-2,0,-,
1716969217.514212,1716969227.514212,17,10.71.65.43,8058,255.255.255.255,8610,0,-2,-2,0,0,-2,-2,0.0,-2,0,-2,0,0,0,-2,-2,-2,0,-2,0,34,-2,0.0,0,-2,0,0,0.0,-2,0,0,0,0,-2,0,-2,0,-2,0,-2,-2,0,-,
1716969217.514212,1716969227.514212,17,10.71.123.75,137,10.71.255.255,137,0,-2,-2,0,0,-2,-2,0.0,-2,0,-2,0,0,0,-2,-2,-2,0,-2,0,34,-2,0.0,0,-2,0,0,0.0,-2,0,0,0,0,-2,0,-2,0,-2,0,-2,-2,0,-,
1716969217.514212,1716969227.514212,17,10.71.65.56,138,10.71.255.255,138,0,-2,-2,0,0,-2,-2,0.0,-2,0,-2,0,0,0,-2,-2,-2,0,-2,0,34,-2,0.0,0,-2,0,0,0.0,-2,0,0,0,0,-2,0,-2,0,-2,0,-2,-2,0,-,
1716969217.514212,1716969227.514212,17,10.71.65.38,2591,10.71.255.255,1947,0,-2,-2,0,0,-2,-2,0.0,-2,0,-2,0,0,0,-2,-2,-2,0,-2,0,34,-2,0.0,0,-2,0,0,0.0,-2,0,0,0,0,-2,0,-2,0,-2,0,-2,-2,0,-,
1716969217.514212,1716969227.514212,17,10.71.65.38,2592,255.255.255.255,1947,0,-2,-2,0,0,-2,-2,0.0,-2,0,-2,0,0,0,-2,-2,-2,0,-2,0,34,-2,0.0,0,-2,0,0,0.0,-2,0,0,0,0,-2,0,-2,0,-2,0,-2,-2,0,-,
1716969217.514212,1716969227.514212,17,10.71.65.34,137,10.71.255.255,137,0,-2,-2,0,0,-2,-2,0.0,-2,0,-2,0,0,0,-2,-2,-2,0,-2,0,34,-2,0.0,0,-2,0,0,0.0,-2,0,0,0,0,-2,0,-2,0,-2,0,-2,-2,0,-,
1716969217.514212,1716969227.514212,17,10.71.64.113,611,10.71.255.255,1947,0,-2,-2,0,0,-2,-2,0.0,-2,0,-2,0,0,0,-2,-2,-2,0,-2,0,34,-2,0.0,0,-2,0,0,0.0,-2,0,0,0,0,-2,0,-2,0,-2,0,-2,-2,0,-,
1716969217.514212,1716969227.514212,17,10.71.64.113,612,255.255.255.255,1947,0,-2,-2,0,0,-2,-2,0.0,-2,0,-2,0,0,0,-2,-2,-2,0,-2,0,34,-2,0.0,0,-2,0,0,0.0,-2,0,0,0,0,-2,0,-2,0,-2,0,-2,-2,0,-,
1716969217.514212,1716969227.514212,17,10.71.123.75,5017,10.71.255.255,1947,0,-2,-2,0,0,-2,-2,0.0,-2,0,-2,0,0,0,-2,-2,-2,0,-2,0,34,-2,0.0,0,-2,0,0,0.0,-2,0,0,0,0,-2,0,-2,0,-2,0,-2,-2,0,-,
1716969217.514212,1716969227.514212,17,10.71.123.75,5018,255.255.255.255,1947,0,-2,-2,0,0,-2,-2,0.0,-2,0,-2,0,0,0,-2,-2,-2,0,-2,0,34,-2,0.0,0,-2,0,0,0.0,-2,0,0,0,0,-2,0,-2,0,-2,0,-2,-2,0,-,
1716969217.514212,1716969227.514212,17,10.71.64.121,137,10.71.255.255,137,0,-2,-2,0,0,-2,-2,0.0,-2,0,-2,0,0,0,-2,-2,-2,0,-2,0,34,-2,0.0,0,-2,0,0,0.0,-2,0,0,0,0,-2,0,-2,0,-2,0,-2,-2,0,-,
1716969217.514212,1716969227.514212,17,10.71.65.38,137,10.71.255.255,137,0,-2,-2,0,0,-2,-2,0.0,-2,0,-2,0,0,0,-2,-2,-2,0,-2,0,34,-2,0.0,0,-2,0,0,0.0,-2,0,0,0,0,-2,0,-2,0,-2,0,-2,-2,0,-,
1716969217.514212,1716969227.514212,17,10.71.64.50,137,10.71.255.255,137,0,-2,-2,0,0,-2,-2,0.0,-2,0,-2,0,0,0,-2,-2,-2,0,-2,0,34,-2,0.0,0,-2,0,0,0.0,-2,0,0,0,0,-2,0,-2,0,-2,0,-2,-2,0,-,
1716969217.514212,1716969227.514212,17,10.71.64.147,138,10.71.255.255,138,0,-2,-2,0,0,-2,-2,0.0,-2,0,-2,0,0,0,-2,-2,-2,0,-2,0,34,-2,0.0,0,-2,0,0,0.0,-2,0,0,0,0,-2,0,-2,0,-2,0,-2,-2,0,-,
1716969217.514212,1716969227.514212,17,10.71.65.43,7329,255.255.255.255,8610,0,-2,-2,0,0,-2,-2,0.0,-2,0,-2,0,0,0,-2,-2,-2,0,-2,0,34,-2,0.0,0,-2,0,0,0.0,-2,0,0,0,0,-2,0,-2,0,-2,0,-2,-2,0,-,
1716969217.514212,1716969227.514212,17,10.71.65.29,137,10.71.255.255,137,0,-2,-2,0,0,-2,-2,0.0,-2,0,-2,0,0,0,-2,-2,-2,0,-2,0,34,-2,0.0,0,-2,0,0,0.0,-2,0,0,0,0,-2,0,-2,0,-2,0,-2,-2,0,-,
1716969217.514212,1716969227.514212,17,10.71.65.58,7120,239.255.255.250,1900,0,-2,-2,0,0,-2,-2,0.0,-2,0,-2,0,0,0,-2,-2,-2,0,-2,0,34,-2,0.0,0,-2,0,0,0.0,-2,0,0,0,0,-2,0,-2,0,-2,0,-2,-2,0,-,
1716969217.514212,1716969227.514212,17,10.71.64.147,137,10.71.255.255,137,0,-2,-2,0,0,-2,-2,0.0,-2,0,-2,0,0,0,-2,-2,-2,0,-2,0,34,-2,0.0,0,-2,0,0,0.0,-2,0,0,0,0,-2,0,-2,0,-2,0,-2,-2,0,-,
1716969217.514212,1716969227.514212,17,10.71.64.147,5353,224.0.0.251,5353,0,-2,-2,0,0,-2,-2,0.0,-2,0,-2,0,0,0,-2,-2,-2,0,-2,0,34,-2,0.0,0,-2,0,0,0.0,-2,0,0,0,0,-2,0,-2,0,-2,0,-2,-2,0,-,
1716969217.514212,1716969227.514212,17,10.71.65.38,2769,10.71.255.255,1947,0,-2,-2,0,0,-2,-2,0.0,-2,0,-2,0,0,0,-2,-2,-2,0,-2,0,34,-2,0.0,0,-2,0,0,0.0,-2,0,0,0,0,-2,0,-2,0,-2,0,-2,-2,0,-,
1716969217.514212,1716969227.514212,17,10.71.64.113,65,255.255.255.255,1947,0,-2,-2,0,0,-2,-2,0.0,-2,0,-2,0,0,0,-2,-2,-2,0,-2,0,34,-2,0.0,0,-2,0,0,0.0,-2,0,0,0,0,-2,0,-2,0,-2,0,-2,-2,0,-,
1716969217.514212,1716969227.514212,17,10.71.64.113,64,10.71.255.255,1947,0,-2,-2,0,0,-2,-2,0.0,-2,0,-2,0,0,0,-2,-2,-2,0,-2,0,34,-2,0.0,0,-2,0,0,0.0,-2,0,0,0,0,-2,0,-2,0,-2,0,-2,-2,0,-,
1716969217.514212,1716969227.514212,17,10.71.64.22,138,10.71.255.255,138,0,-2,-2,0,0,-2,-2,0.0,-2,0,-2,0,0,0,-2,-2,-2,0,-2,0,34,-2,0.0,0,-2,0,0,0.0,-2,0,0,0,0,-2,0,-2,0,-2,0,-2,-2,0,-,
1716969217.514212,1716969227.514212,17,10.71.65.58,5241,10.1.5.45,53,0,-2,-2,0,0,-2,-2,0.0,-2,0,-2,0,0,0,-2,-2,-2,0,-2,0,34,-2,0.0,0,-2,0,0,0.0,-2,0,0,0,0,-2,0,-2,0,-2,0,-2,-2,0,-,
1716969217.514212,1716969227.514212,17,10.1.5.45,53,10.71.65.58,5241,0,-2,-2,0,0,-2,-2,0.0,-2,0,-2,0,0,0,-2,-2,-2,0,-2,0,34,-2,0.0,0,-2,0,0,0.0,-2,0,0,0,0,-2,0,-2,0,-2,0,-2,-2,0,-,
1716969317.514212,1716969327.514212,17,10.71.64.106,4988,10.71.255.255,1007,0.000000,-2,-2,0,162,-2,0.000000,0.6,0.000000,372.0,0.0,0.000000,0,0,0.000000,0.000000,372,0,0.00,0,34,0.0,0.0,0,-2,1116,0,0.6,0.00,0,0,0,6,372,0,0.0,0,-2,0,-2,-2,0,-,
1716969317.514212,1716969327.514212,6,10.71.65.58,4374,142.251.130.14,443,193.370820,-2,-2,0,2610,-2,0.000000,9.6,0.000000,910.375,4.34,193.370820,0,0,9.759304,9.759304,132,0,4.02,0,12,4.34,0.0,0,-2,43698,0,9.6,4.02,0,0,0,96,5084,96,1610.98,0,-2,60,-2,-2,0,-,
1716969317.514212,1716969327.514212,6,142.251.130.14,443,10.71.65.58,4374,321.503394,-2,-2,0,3564,-2,0.000000,13.2,0.000000,335.54545454545456,4.38,321.503394,0,0,9.656814,9.656814,132,0,4.88,0,12,4.38,0.0,0,-2,22146,0,13.2,4.88,0,0,0,132,2068,132,415.82,0,-2,72,-2,-2,0,-,
1716969317.514212,1716969327.514212,6,10.71.65.58,5374,172.217.25.3,443,0,-2,-2,0,0,-2,-2,0.0,-2,0,-2,0,0,0,-2,-2,-2,0,-2,0,12,-2,0.0,0,-2,0,0,0.0,-2,0,0,0,0,-2,0,-2,0,-2,0,-2,-2,0,-,
1716969317.514212,1716969327.514212,6,172.217.25.3,443,10.71.65.58,5374,0,-2,-2,0,0,-2,-2,0.0,-2,0,-2,0,0,0,-2,-2,-2,0,-2,0,12,-2,0.0,0,-2,0,0,0.0,-2,0,0,0,0,-2,0,-2,0,-2,0,-2,-2,0,-,
1716969317.514212,1716969327.514212,6,216.58.200.234,443,10.71.65.58,9332,0.674100,-2,-2,0,486,-2,0.000000,1.8,0.000000,241.33333333333334,0.06,0.674100,0,0,0.113826,0.113826,132,0,0.08,0,12,0.06,0.0,0,-2,2172,0,1.8,0.08,0,0,0,18,460,18,154.62,0,-2,6,-2,-2,0,-,
1716969317.514212,1716969327.514212,6,10.71.65.58,9332,216.58.200.234,443,0.004254,-2,-2,0,324,-2,0.000000,1.2,0.000000,202.0,0.0,0.004254,0,0,0.001418,0.001418,202,0,0.00,0,12,0.0,0.0,0,-2,1212,0,1.2,0.00,0,0,0,12,202,12,0.0,0,-2,12,-2,-2,0,-,
1716969317.514212,1716969327.514212,17,10.71.64.113,5353,224.0.0.251,5353,47.930040,-2,-2,0,486,-2,0.000000,1.8,0.000000,151.33333333333334,3.76,47.930040,0,0,7.988340,7.988340,150,0,5.32,0,34,3.76,0.0,0,-2,1362,0,1.8,5.32,0,0,0,18,152,0,0.94,0,-2,0,-2,-2,0,-,
1716969317.514212,1716969327.514212,6,10.71.65.58,9732,108.177.125.188,5228,0,-2,-2,0,0,-2,-2,0.0,-2,0,-2,0,0,0,-2,-2,-2,0,-2,0,12,-2,0.0,0,-2,0,0,0.0,-2,0,0,0,0,-2,0,-2,0,-2,0,-2,-2,0,-,
1716969317.514212,1716969327.514212,6,108.177.125.188,5228,10.71.65.58,9732,0,-2,-2,0,0,-2,-2,0.0,-2,0,-2,0,0,0,-2,-2,-2,0,-2,0,12,-2,0.0,0,-2,0,0,0.0,-2,0,0,0,0,-2,0,-2,0,-2,0,-2,-2,0,-,
1716969317.514212,1716969327.514212,17,10.71.64.123,137,10.71.255.255,137,0,-2,-2,0,0,-2,-2,0.0,-2,0,-2,0,0,0,-2,-2,-2,0,-2,0,34,-2,0.0,0,-2,0,0,0.0,-2,0,0,0,0,-2,0,-2,0,-2,0,-2,-2,0,-,
1716969317.514212,1716969327.514212,6,10.71.65.58,9320,216.58.200.234,443,0,-2,-2,0,0,-2,-2,0.0,-2,0,-2,0,0,0,-2,-2,-2,0,-2,0,12,-2,0.0,0,-2,0,0,0.0,-2,0,0,0,0,-2,0,-2,0,-2,0,-2,-2,0,-,
1716969317.514212,1716969327.514212,6,216.58.200.234,443,10.71.65.58,9320,0,-2,-2,0,0,-2,-2,0.0,-2,0,-2,0,0,0,-2,-2,-2,0,-2,0,12,-2,0.0,0,-2,0,0,0.0,-2,0,0,0,0,-2,0,-2,0,-2,0,-2,-2,0,-,
1716969317.514212,1716969327.514212,6,10.71.65.58,9468,64.233.188.84,443,0,-2,-2,0,0,-2,-2,0.0,-2,0,-2,0,0,0,-2,-2,-2,0,-2,0,12,-2,0.0,0,-2,0,0,0.0,-2,0,0,0,0,-2,0,-2,0,-2,0,-2,-2,0,-,
1716969317.514212,1716969327.514212,6,10.71.65.58,3372,142.250.207.110,443,0,-2,-2,0,0,-2,-2,0.0,-2,0,-2,0,0,0,-2,-2,-2,0,-2,0,12,-2,0.0,0,-2,0,0,0.0,-2,0,0,0,0,-2,0,-2,0,-2,0,-2,-2,0,-,
1716969317.514212,1716969327.514212,6,142.250.207.110,443,10.71.65.58,3372,0,-2,-2,0,0,-2,-2,0.0,-2,0,-2,0,0,0,-2,-2,-2,0,-2,0,12,-2,0.0,0,-2,0,0,0.0,-2,0,0,0,0,-2,0,-2,0,-2,0,-2,-2,0,-,
1716969317.514212,1716969327.514212,6,64.233.188.84,443,10.71.65.58,9468,0,-2,-2,0,0,-2,-2,0.0,-2,0,-2,0,0,0,-2,-2,-2,0,-2,0,12,-2,0.0,0,-2,0,0,0.0,-2,0,0,0,0,-2,0,-2,0,-2,0,-2,-2,0,-,
1716969317.514212,1716969327.514212,6,10.71.65.58,8940,142.250.76.131,443,0,-2,-2,0,0,-2,-2,0.0,-2,0,-2,0,0,0,-2,-2,-2,0,-2,0,12,-2,0.0,0,-2,0,0,0.0,-2,0,0,0,0,-2,0,-2,0,-2,0,-2,-2,0,-,
1716969317.514212,1716969327.514212,6,142.250.76.131,443,10.71.65.58,8940,0,-2,-2,0,0,-2,-2,0.0,-2,0,-2,0,0,0,-2,-2,-2,0,-2,0,12,-2,0.0,0,-2,0,0,0.0,-2,0,0,0,0,-2,0,-2,0,-2,0,-2,-2,0,-,
1716969317.514212,1716969327.514212,17,10.71.64.41,7500,255.255.255.255,7500,0,-2,-2,0,0,-2,-2,0.0,-2,0,-2,0,0,0,-2,-2,-2,0,-2,0,34,-2,0.0,0,-2,0,0,0.0,-2,0,0,0,0,-2,0,-2,0,-2,0,-2,-2,0,-,
1716969317.514212,1716969327.514212,17,10.71.64.41,7500,10.71.255.255,7500,0,-2,-2,0,0,-2,-2,0.0,-2,0,-2,0,0,0,-2,-2,-2,0,-2,0,34,-2,0.0,0,-2,0,0,0.0,-2,0,0,0,0,-2,0,-2,0,-2,0,-2,-2,0,-,
1716969317.514212,1716969327.514212,6,10.71.65.58,514,216.58.220.110,443,0,-2,-2,0,0,-2,-2,0.0,-2,0,-2,0,0,0,-2,-2,-2,0,-2,0,12,-2,0.0,0,-2,0,0,0.0,-2,0,0,0,0,-2,0,-2,0,-2,0,-2,-2,0,-,
1716969317.514212,1716969327.514212,6,216.58.220.110,443,10.71.65.58,514,0,-2,-2,0,0,-2,-2,0.0,-2,0,-2,0,0,0,-2,-2,-2,0,-2,0,12,-2,0.0,0,-2,0,0,0.0,-2,0,0,0,0,-2,0,-2,0,-2,0,-2,-2,0,-,
1716969317.514212,1716969327.514212,6,10.71.65.58,4576,172.217.161.234,443,0,-2,-2,0,0,-2,-2,0.0,-2,0,-2,0,0,0,-2,-2,-2,0,-2,0,12,-2,0.0,0,-2,0,0,0.0,-2,0,0,0,0,-2,0,-2,0,-2,0,-2,-2,0,-,
1716969317.514212,1716969327.514212,6,172.217.161.234,443,10.71.65.58,4576,0,-2,-2,0,0,-2,-2,0.0,-2,0,-2,0,0,0,-2,-2,-2,0,-2,0,12,-2,0.0,0,-2,0,0,0.0,-2,0,0,0,0,-2,0,-2,0,-2,0,-2,-2,0,-,
1716969317.514212,1716969327.514212,17,10.71.64.115,137,10.71.255.255,137,0,-2,-2,0,0,-2,-2,0.0,-2,0,-2,0,0,0,-2,-2,-2,0,-2,0,34,-2,0.0,0,-2,0,0,0.0,-2,0,0,0,0,-2,0,-2,0,-2,0,-2,-2,0,-,
1716969317.514212,1716969327.514212,17,10.71.64.16,5353,224.0.0.251,5353,76.676344,-2,-2,0,594,-2,0.000000,2.2,0.000000,164.0,5.4,76.676344,0,0,15.568898,15.568898,164,0,6.98,0,34,5.4,0.0,0,-2,1804,0,2.2,6.98,0,0,0,22,164,0,0.0,0,-2,0,-2,-2,0,-,
1716969317.514212,1716969327.514212,17,10.71.65.43,8058,255.255.255.255,8610,0.003236,-2,-2,0,270,-2,0.000000,1.0,0.000000,116.0,0.0,0.003236,0,0,0.001618,0.001618,116,0,0.00,0,34,0.0,0.0,0,-2,580,0,1.0,0.00,0,0,0,10,116,0,0.0,0,-2,0,-2,-2,0,-,
1716969317.514212,1716969327.514212,17,10.71.123.75,137,10.71.255.255,137,6.144364,-2,-2,0,270,-2,0.000000,1.0,0.000000,184.0,1.5,6.144364,0,0,3.072182,3.072182,184,0,1.22,0,34,1.5,0.0,0,-2,920,0,1.0,1.22,0,0,0,10,184,0,0.0,0,-2,0,-2,-2,0,-,
1716969317.514212,1716969327.514212,17,10.71.65.56,138,10.71.255.255,138,0.000000,-2,-2,0,162,-2,0.000000,0.6,0.000000,432.0,0.0,0.000000,0,0,0.000000,0.000000,432,0,0.00,0,34,0.0,0.0,0,-2,1296,0,0.6,0.00,0,0,0,6,432,0,0.0,0,-2,0,-2,-2,0,-,
1716969317.514212,1716969327.514212,17,10.71.65.38,2591,10.71.255.255,1947,0,-2,-2,0,0,-2,-2,0.0,-2,0,-2,0,0,0,-2,-2,-2,0,-2,0,34,-2,0.0,0,-2,0,0,0.0,-2,0,0,0,0,-2,0,-2,0,-2,0,-2,-2,0,-,
1716969317.514212,1716969327.514212,17,10.71.65.38,2592,255.255.255.255,1947,0,-2,-2,0,0,-2,-2,0.0,-2,0,-2,0,0,0,-2,-2,-2,0,-2,0,34,-2,0.0,0,-2,0,0,0.0,-2,0,0,0,0,-2,0,-2,0,-2,0,-2,-2,0,-,
1716969317.514212,1716969327.514212,17,10.71.65.34,137,10.71.255.255,137,0,-2,-2,0,0,-2,-2,0.0,-2,0,-2,0,0,0,-2,-2,-2,0,-2,0,34,-2,0.0,0,-2,0,0,0.0,-2,0,0,0,0,-2,0,-2,0,-2,0,-2,-2,0,-,
1716969317.514212,1716969327.514212,17,10.71.64.113,611,10.71.255.255,1947,0,-2,-2,0,0,-2,-2,0.0,-2,0,-2,0,0,0,-2,-2,-2,0,-2,0,34,-2,0.0,0,-2,0,0,0.0,-2,0,0,0,0,-2,0,-2,0,-2,0,-2,-2,0,-,
1716969317.514212,1716969327.514212,17,10.71.64.113,612,255.255.255.255,1947,0,-2,-2,0,0,-2,-2,0.0,-2,0,-2,0,0,0,-2,-2,-2,0,-2,0,34,-2,0.0,0,-2,0,0,0.0,-2,0,0,0,0,-2,0,-2,0,-2,0,-2,-2,0,-,
1716969317.514212,1716969327.514212,17,10.71.123.75,5017,10.71.255.255,1947,0,-2,-2,0,0,-2,-2,0.0,-2,0,-2,0,0,0,-2,-2,-2,0,-2,0,34,-2,0.0,0,-2,0,0,0.0,-2,0,0,0,0,-2,0,-2,0,-2,0,-2,-2,0,-,
1716969317.514212,1716969327.514212,17,10.71.123.75,5018,255.255.255.255,1947,0,-2,-2,0,0,-2,-2,0.0,-2,0,-2,0,0,0,-2,-2,-2,0,-2,0,34,-2,0.0,0,-2,0,0,0.0,-2,0,0,0,0,-2,0,-2,0,-2,0,-2,-2,0,-,
1716969317.514212,1716969327.514212,17,10.71.64.121,137,10.71.255.255,137,0,-2,-2,0,0,-2,-2,0.0,-2,0,-2,0,0,0,-2,-2,-2,0,-2,0,34,-2,0.0,0,-2,0,0,0.0,-2,0,0,0,0,-2,0,-2,0,-2,0,-2,-2,0,-,
1716969317.514212,1716969327.514212,17,10.71.65.38,137,10.71.255.255,137,0,-2,-2,0,0,-2,-2,0.0,-2,0,-2,0,0,0,-2,-2,-2,0,-2,0,34,-2,0.0,0,-2,0,0,0.0,-2,0,0,0,0,-2,0,-2,0,-2,0,-2,-2,0,-,
1716969317.514212,1716969327.514212,17,10.71.64.50,137,10.71.255.255,137,0,-2,-2,0,0,-2,-2,0.0,-2,0,-2,0,0,0,-2,-2,-2,0,-2,0,34,-2,0.0,0,-2,0,0,0.0,-2,0,0,0,0,-2,0,-2,0,-2,0,-2,-2,0,-,
1716969317.514212,1716969327.514212,17,10.71.64.147,138,10.71.255.255,138,0,-2,-2,0,0,-2,-2,0.0,-2,0,-2,0,0,0,-2,-2,-2,0,-2,0,34,-2,0.0,0,-2,0,0,0.0,-2,0,0,0,0,-2,0,-2,0,-2,0,-2,-2,0,-,
1716969317.514212,1716969327.514212,17,10.71.65.43,7329,255.255.255.255,8610,0,-2,-2,0,0,-2,-2,0.0,-2,0,-2,0,0,0,-2,-2,-2,0,-2,0,34,-2,0.0,0,-2,0,0,0.0,-2,0,0,0,0,-2,0,-2,0,-2,0,-2,-2,0,-,
1716969317.514212,1716969327.514212,17,10.71.65.29,137,10.71.255.255,137,0,-2,-2,0,0,-2,-2,0.0,-2,0,-2,0,0,0,-2,-2,-2,0,-2,0,34,-2,0.0,0,-2,0,0,0.0,-2,0,0,0,0,-2,0,-2,0,-2,0,-2,-2,0,-,
1716969317.514212,1716969327.514212,17,10.71.65.58,7120,239.255.255.250,1900,0,-2,-2,0,0,-2,-2,0.0,-2,0,-2,0,0,0,-2,-2,-2,0,-2,0,34,-2,0.0,0,-2,0,0,0.0,-2,0,0,0,0,-2,0,-2,0,-2,0,-2,-2,0,-,
1716969317.514212,1716969327.514212,17,10.71.64.147,137,10.71.255.255,137,0,-2,-2,0,0,-2,-2,0.0,-2,0,-2,0,0,0,-2,-2,-2,0,-2,0,34,-2,0.0,0,-2,0,0,0.0,-2,0,0,0,0,-2,0,-2,0,-2,0,-2,-2,0,-,
1716969317.514212,1716969327.514212,17,10.71.64.147,5353,224.0.0.251,5353,0,-2,-2,0,0,-2,-2,0.0,-2,0,-2,0,0,0,-2,-2,-2,0,-2,0,34,-2,0.0,0,-2,0,0,0.0,-2,0,0,0,0,-2,0,-2,0,-2,0,-2,-2,0,-,
1716969317.514212,1716969327.514212,17,10.71.65.38,2769,10.71.255.255,1947,0,-2,-2,0,0,-2,-2,0.0,-2,0,-2,0,0,0,-2,-2,-2,0,-2,0,34,-2,0.0,0,-2,0,0,0.0,-2,0,0,0,0,-2,0,-2,0,-2,0,-2,-2,0,-,
1716969317.514212,1716969327.514212,17,10.71.64.113,65,255.255.255.255,1947,0,-2,-2,0,0,-2,-2,0.0,-2,0,-2,0,0,0,-2,-2,-2,0,-2,0,34,-2,0.0,0,-2,0,0,0.0,-2,0,0,0,0,-2,0,-2,0,-2,0,-2,-2,0,-,
1716969317.514212,1716969327.514212,17,10.71.64.113,64,10.71.255.255,1947,0,-2,-2,0,0,-2,-2,0.0,-2,0,-2,0,0,0,-2,-2,-2,0,-2,0,34,-2,0.0,0,-2,0,0,0.0,-2,0,0,0,0,-2,0,-2,0,-2,0,-2,-2,0,-,
1716969317.514212,1716969327.514212,17,10.71.64.22,138,10.71.255.255,138,0,-2,-2,0,0,-2,-2,0.0,-2,0,-2,0,0,0,-2,-2,-2,0,-2,0,34,-2,0.0,0,-2,0,0,0.0,-2,0,0,0,0,-2,0,-2,0,-2,0,-2,-2,0,-,
1716969317.514212,1716969327.514212,17,10.71.65.58,5241,10.1.5.45,53,0,-2,-2,0,0,-2,-2,0.0,-2,0,-2,0,0,0,-2,-2,-2,0,-2,0,34,-2,0.0,0,-2,0,0,0.0,-2,0,0,0,0,-2,0,-2,0,-2,0,-2,-2,0,-,
1716969317.514212,1716969327.514212,17,10.1.5.45,53,10.71.65.58,5241,0,-2,-2,0,0,-2,-2,0.0,-2,0,-2,0,0,0,-2,-2,-2,0,-2,0,34,-2,0.0,0,-2,0,0,0.0,-2,0,0,0,0,-2,0,-2,0,-2,0,-2,-2,0,-,
1716969217.514212,1716969227.514212,17,10.71.65.56,5353,224.0.0.251,5353,0.000000,-1,-1,0,162,-1,0.000000,0.6,0.000000,176.0,0.0,0.000000,0,0,0.000000,0.000000,176,0,0.00,0,17,0.0,0.0,0,-1,1056,0,0.6,0.00,0,0,0,6,176,0,0.0,0,-1,0,-1,-1,0,-,
1716969217.514212,1716969227.514212,17,10.71.64.106,4988,10.71.255.255,1007,0.000000,-1,-1,0,162,-1,0.000000,0.6,0.000000,186.0,0.0,0.000000,0,0,0.000000,0.000000,186,0,0.00,0,17,0.0,0.0,0,-1,1116,0,0.6,0.00,0,0,0,6,186,0,0.0,0,-1,0,-1,-1,0,-,
1716969217.514212,1716969227.514212,17,10.71.65.56,137,10.71.255.255,137,32.664294,-1,-1,0,810,-1,0.000000,3.0,0.000000,110.0,1.15,32.664294,0,0,2.981279,2.981279,110,0,1.09,0,17,1.15,0.0,0,-1,3300,0,3.0,1.09,0,0,0,30,110,0,0.0,0,-1,0,-1,-1,0,-,
1716969217.514212,1716969227.514212,6,10.71.65.58,4374,142.251.130.14,443,5.270760,-1,-1,0,972,-1,0.000000,3.6,0.000000,626.0,0.15,5.270760,0,0,0.292421,0.292421,66,0,0.15,0,6,0.15,0.0,0,-1,22536,0,3.6,0.15,0,0,0,36,2542,36,888.6,0,-1,30,-1,-1,0,-,
1716969217.514212,1716969227.514212,6,142.251.130.14,443,10.71.65.58,4374,9.048588,-1,-1,0,1620,-1,0.000000,6.0,0.000000,122.3,0.13,9.048588,0,0,0.291081,0.291081,66,0,0.15,0,6,0.13,0.0,0,-1,7338,0,6.0,0.15,0,0,0,60,318,60,89.51,0,-1,24,-1,-1,0,-,
1716969217.514212,1716969227.514212,6,10.71.65.58,5374,172.217.25.3,443,1.239060,-1,-1,0,810,-1,0.000000,3.0,0.000000,108.4,0.03,1.239060,0,0,0.068991,0.068991,66,0,0.04,0,6,0.03,0.0,0,-1,3252,0,3.0,0.04,0,0,0,30,165,30,31.87,0,-1,24,-1,-1,0,-,
1716969217.514212,1716969227.514212,6,172.217.25.3,443,10.71.65.58,5374,0.803754,-1,-1,0,1296,-1,0.000000,4.8,0.000000,97.875,0.02,0.803754,0,0,0.074713,0.074713,66,0,0.02,0,6,0.02,0.0,0,-1,4698,0,4.8,0.02,0,0,0,48,140,48,28.58,0,-1,30,-1,-1,0,-,
1716969217.514212,1716969227.514212,17,10.71.64.34,5353,224.0.0.251,5353,11.170368,-1,-1,0,459,-1,0.000000,1.7,0.000000,70.0,0.49,11.170368,0,0,1.015488,1.015488,70,0,0.66,0,17,0.49,0.0,0,-1,1190,0,1.7,0.66,0,0,0,17,70,0,0.0,0,-1,0,-1,-1,0,-,
1716969217.514212,1716969227.514212,17,10.71.64.34,137,10.71.255.255,137,7.670515,-1,-1,0,297,-1,0.000000,1.1,0.000000,92.0,0.76,7.670515,0,0,1.534103,1.534103,92,0,0.70,0,17,0.76,0.0,0,-1,1012,0,1.1,0.70,0,0,0,11,92,0,0.0,0,-1,0,-1,-1,0,-,
1716969217.514212,1716969227.514212,6,216.58.200.234,443,10.71.65.58,9332,0.712380,-1,-1,0,486,-1,0.000000,1.8,0.000000,120.66666666666667,0.03,0.712380,0,0,0.059661,0.059661,66,0,0.04,0,6,0.03,0.0,0,-1,2172,0,1.8,0.04,0,0,0,18,230,18,77.31,0,-1,6,-1,-1,0,-,
1716969217.514212,1716969227.514212,6,10.71.65.58,9332,216.58.200.234,443,0.002316,-1,-1,0,324,-1,0.000000,1.2,0.000000,101.0,0.0,0.002316,0,0,0.000386,0.000386,101,0,0.00,0,6,0.0,0.0,0,-1,1212,0,1.2,0.00,0,0,0,12,101,12,0.0,0,-1,12,-1,-1,0,-,
1716969217.514212,1716969227.514212,17,10.71.64.113,5353,224.0.0.251,5353,23.983056,-1,-1,0,648,-1,0.000000,2.4,0.000000,75.5,1.21,23.983056,0,0,2.972881,2.972881,75,0,1.00,0,17,1.21,0.0,0,-1,1812,0,2.4,1.00,0,0,0,24,76,0,0.5,0,-1,0,-1,-1,0,-,
1716969217.514212,1716969227.514212,6,10.71.65.58,9732,108.177.125.188,5228,0.000000,-1,-1,0,162,-1,0.000000,0.6,0.000000,66.0,0.0,0.000000,0,0,0.000000,0.000000,66,0,0.00,0,6,0.0,0.0,0,-1,396,0,0.6,0.00,0,0,0,6,66,6,0.0,0,-1,0,-1,-1,0,-,
1716969217.514212,1716969227.514212,6,108.177.125.188,5228,10.71.65.58,9732,0.000000,-1,-1,0,162,-1,0.000000,0.6,0.000000,66.0,0.0,0.000000,0,0,0.000000,0.000000,66,0,0.00,0,6,0.0,0.0,0,-1,396,0,0.6,0.00,0,0,0,6,66,6,0.0,0,-1,0,-1,-1,0,-,
1716969217.514212,1716969227.514212,17,10.71.64.123,137,10.71.255.255,137,8.597244,-1,-1,0,324,-1,0.000000,1.2,0.000000,92.0,0.72,8.597244,0,0,1.432874,1.432874,92,0,0.72,0,17,0.72,0.0,0,-1,1104,0,1.2,0.72,0,0,0,12,92,0,0.0,0,-1,0,-1,-1,0,-,
1716969217.514212,1716969227.514212,17,10.71.64.228,5353,224.0.0.251,5353,13.540518,-1,-1,0,324,-1,0.000000,1.2,0.000000,82.0,1.13,13.540518,0,0,2.256753,2.256753,82,0,1.13,0,17,1.13,0.0,0,-1,984,0,1.2,1.13,0,0,0,12,82,0,0.0,0,-1,0,-1,-1,0,-,
1716969217.514212,1716969227.514212,17,10.71.64.108,137,10.71.255.255,137,12.899232,-1,-1,0,486,-1,0.000000,1.8,0.000000,92.0,0.59,12.899232,0,0,1.433928,1.433928,92,0,0.72,0,17,0.59,0.0,0,-1,1656,0,1.8,0.72,0,0,0,18,92,0,0.0,0,-1,0,-1,-1,0,-,
1716969217.514212,1716969227.514212,17,10.71.123.59,137,10.71.255.255,137,0.000000,-1,-1,0,135,-1,0.000000,0.5,0.000000,92.0,0.0,0.000000,0,0,0.000000,0.000000,92,0,0.00,0,17,0.0,0.0,0,-1,460,0,0.5,0.00,0,0,0,5,92,0,0.0,0,-1,0,-1,-1,0,-,
1716969217.514212,1716969227.514212,17,10.71.64.103,137,10.71.255.255,137,0,-1,-1,0,0,-1,-1,0.0,-1,0,-1,0,0,0,-1,-1,-1,0,-1,0,17,-1,0.0,0,-1,0,0,0.0,-1,0,0,0,0,-1,0,-1,0,-1,0,-1,-1,0,-,
1716969217.514212,1716969227.514212,17,10.71.65.58,9424,10.1.5.45,53,0,-1,-1,0,0,-1,-1,0.0,-1,0,-1,0,0,0,-1,-1,-1,0,-1,0,17,-1,0.0,0,-1,0,0,0.0,-1,0,0,0,0,-1,0,-1,0,-1,0,-1,-1,0,-,
1716969217.514212,1716969227.514212,17,10.1.5.45,53,10.71.65.58,9424,0,-1,-1,0,0,-1,-1,0.0,-1,0,-1,0,0,0,-1,-1,-1,0,-1,0,17,-1,0.0,0,-1,0,0,0.0,-1,0,0,0,0,-1,0,-1,0,-1,0,-1,-1,0,-,
1716969217.514212,1716969227.514212,17,10.71.65.38,8471,10.71.255.255,1947,0,-1,-1,0,0,-1,-1,0.0,-1,0,-1,0,0,0,-1,-1,-1,0,-1,0,17,-1,0.0,0,-1,0,0,0.0,-1,0,0,0,0,-1,0,-1,0,-1,0,-1,-1,0,-,
1716969217.514212,1716969227.514212,6,10.71.65.58,9320,216.58.200.234,443,0,-1,-1,0,0,-1,-1,0.0,-1,0,-1,0,0,0,-1,-1,-1,0,-1,0,6,-1,0.0,0,-1,0,0,0.0,-1,0,0,0,0,-1,0,-1,0,-1,0,-1,-1,0,-,
1716969217.514212,1716969227.514212,6,216.58.200.234,443,10.71.65.58,9320,0,-1,-1,0,0,-1,-1,0.0,-1,0,-1,0,0,0,-1,-1,-1,0,-1,0,6,-1,0.0,0,-1,0,0,0.0,-1,0,0,0,0,-1,0,-1,0,-1,0,-1,-1,0,-,
1716969217.514212,1716969227.514212,17,10.71.64.250,137,10.71.255.255,137,0,-1,-1,0,0,-1,-1,0.0,-1,0,-1,0,0,0,-1,-1,-1,0,-1,0,17,-1,0.0,0,-1,0,0,0.0,-1,0,0,0,0,-1,0,-1,0,-1,0,-1,-1,0,-,
1716969217.514212,1716969227.514212,17,10.71.64.113,9759,10.71.255.255,1947,0,-1,-1,0,0,-1,-1,0.0,-1,0,-1,0,0,0,-1,-1,-1,0,-1,0,17,-1,0.0,0,-1,0,0,0.0,-1,0,0,0,0,-1,0,-1,0,-1,0,-1,-1,0,-,
1716969217.514212,1716969227.514212,17,10.71.64.113,9760,255.255.255.255,1947,0,-1,-1,0,0,-1,-1,0.0,-1,0,-1,0,0,0,-1,-1,-1,0,-1,0,17,-1,0.0,0,-1,0,0,0.0,-1,0,0,0,0,-1,0,-1,0,-1,0,-1,-1,0,-,
1716969217.514212,1716969227.514212,17,10.71.65.43,4413,255.255.255.255,8610,0,-1,-1,0,0,-1,-1,0.0,-1,0,-1,0,0,0,-1,-1,-1,0,-1,0,17,-1,0.0,0,-1,0,0,0.0,-1,0,0,0,0,-1,0,-1,0,-1,0,-1,-1,0,-,
1716969217.514212,1716969227.514212,17,10.71.65.58,4883,239.255.255.250,1900,0,-1,-1,0,0,-1,-1,0.0,-1,0,-1,0,0,0,-1,-1,-1,0,-1,0,17,-1,0.0,0,-1,0,0,0.0,-1,0,0,0,0,-1,0,-1,0,-1,0,-1,-1,0,-,
1716969217.514212,1716969227.514212,17,10.71.123.56,137,10.71.255.255,137,0,-1,-1,0,0,-1,-1,0.0,-1,0,-1,0,0,0,-1,-1,-1,0,-1,0,17,-1,0.0,0,-1,0,0,0.0,-1,0,0,0,0,-1,0,-1,0,-1,0,-1,-1,0,-,
1716969217.514212,1716969227.514212,6,10.71.65.58,9468,64.233.188.84,443,0,-1,-1,0,0,-1,-1,0.0,-1,0,-1,0,0,0,-1,-1,-1,0,-1,0,6,-1,0.0,0,-1,0,0,0.0,-1,0,0,0,0,-1,0,-1,0,-1,0,-1,-1,0,-,
1716969217.514212,1716969227.514212,6,10.71.65.58,3372,142.250.207.110,443,0,-1,-1,0,0,-1,-1,0.0,-1,0,-1,0,0,0,-1,-1,-1,0,-1,0,6,-1,0.0,0,-1,0,0,0.0,-1,0,0,0,0,-1,0,-1,0,-1,0,-1,-1,0,-,
1716969217.514212,1716969227.514212,6,142.250.207.110,443,10.71.65.58,3372,0,-1,-1,0,0,-1,-1,0.0,-1,0,-1,0,0,0,-1,-1,-1,0,-1,0,6,-1,0.0,0,-1,0,0,0.0,-1,0,0,0,0,-1,0,-1,0,-1,0,-1,-1,0,-,
1716969217.514212,1716969227.514212,6,64.233.188.84,443,10.71.65.58,9468,0,-1,-1,0,0,-1,-1,0.0,-1,0,-1,0,0,0,-1,-1,-1,0,-1,0,6,-1,0.0,0,-1,0,0,0.0,-1,0,0,0,0,-1,0,-1,0,-1,0,-1,-1,0,-,
1716969217.514212,1716969227.514212,17,10.71.64.252,137,10.71.255.255,137,0,-1,-1,0,0,-1,-1,0.0,-1,0,-1,0,0,0,-1,-1,-1,0,-1,0,17,-1,0.0,0,-1,0,0,0.0,-1,0,0,0,0,-1,0,-1,0,-1,0,-1,-1,0,-,
1716969217.514212,1716969227.514212,6,10.71.65.58,8940,142.250.76.131,443,0,-1,-1,0,0,-1,-1,0.0,-1,0,-1,0,0,0,-1,-1,-1,0,-1,0,6,-1,0.0,0,-1,0,0,0.0,-1,0,0,0,0,-1,0,-1,0,-1,0,-1,-1,0,-,
1716969217.514212,1716969227.514212,6,142.250.76.131,443,10.71.65.58,8940,0,-1,-1,0,0,-1,-1,0.0,-1,0,-1,0,0,0,-1,-1,-1,0,-1,0,6,-1,0.0,0,-1,0,0,0.0,-1,0,0,0,0,-1,0,-1,0,-1,0,-1,-1,0,-,
1716969217.514212,1716969227.514212,17,10.71.64.41,7500,255.255.255.255,7500,0,-1,-1,0,0,-1,-1,0.0,-1,0,-1,0,0,0,-1,-1,-1,0,-1,0,17,-1,0.0,0,-1,0,0,0.0,-1,0,0,0,0,-1,0,-1,0,-1,0,-1,-1,0,-,
1716969217.514212,1716969227.514212,17,10.71.64.41,7500,10.71.255.255,7500,0,-1,-1,0,0,-1,-1,0.0,-1,0,-1,0,0,0,-1,-1,-1,0,-1,0,17,-1,0.0,0,-1,0,0,0.0,-1,0,0,0,0,-1,0,-1,0,-1,0,-1,-1,0,-,
1716969217.514212,1716969227.514212,17,10.71.64.51,138,10.71.255.255,138,0,-1,-1,0,0,-1,-1,0.0,-1,0,-1,0,0,0,-1,-1,-1,0,-1,0,17,-1,0.0,0,-1,0,0,0.0,-1,0,0,0,0,-1,0,-1,0,-1,0,-1,-1,0,-,
1716969217.514212,1716969227.514212,6,10.71.65.58,514,216.58.220.110,443,0,-1,-1,0,0,-1,-1,0.0,-1,0,-1,0,0,0,-1,-1,-1,0,-1,0,6,-1,0.0,0,-1,0,0,0.0,-1,0,0,0,0,-1,0,-1,0,-1,0,-1,-1,0,-,
1716969217.514212,1716969227.514212,6,216.58.220.110,443,10.71.65.58,514,0,-1,-1,0,0,-1,-1,0.0,-1,0,-1,0,0,0,-1,-1,-1,0,-1,0,6,-1,0.0,0,-1,0,0,0.0,-1,0,0,0,0,-1,0,-1,0,-1,0,-1,-1,0,-,
1716969217.514212,1716969227.514212,17,10.71.64.78,137,10.71.255.255,137,0,-1,-1,0,0,-1,-1,0.0,-1,0,-1,0,0,0,-1,-1,-1,0,-1,0,17,-1,0.0,0,-1,0,0,0.0,-1,0,0,0,0,-1,0,-1,0,-1,0,-1,-1,0,-,
1716969217.514212,1716969227.514212,17,10.71.122.136,137,10.71.255.255,137,0,-1,-1,0,0,-1,-1,0.0,-1,0,-1,0,0,0,-1,-1,-1,0,-1,0,17,-1,0.0,0,-1,0,0,0.0,-1,0,0,0,0,-1,0,-1,0,-1,0,-1,-1,0,-,
1716969217.514212,1716969227.514212,17,10.71.64.224,137,10.71.255.255,137,0,-1,-1,0,0,-1,-1,0.0,-1,0,-1,0,0,0,-1,-1,-1,0,-1,0,17,-1,0.0,0,-1,0,0,0.0,-1,0,0,0,0,-1,0,-1,0,-1,0,-1,-1,0,-,
1716969217.514212,1716969227.514212,17,10.71.64.103,138,10.71.255.255,138,0,-1,-1,0,0,-1,-1,0.0,-1,0,-1,0,0,0,-1,-1,-1,0,-1,0,17,-1,0.0,0,-1,0,0,0.0,-1,0,0,0,0,-1,0,-1,0,-1,0,-1,-1,0,-,
1716969217.514212,1716969227.514212,6,10.71.65.58,4576,172.217.161.234,443,0,-1,-1,0,0,-1,-1,0.0,-1,0,-1,0,0,0,-1,-1,-1,0,-1,0,6,-1,0.0,0,-1,0,0,0.0,-1,0,0,0,0,-1,0,-1,0,-1,0,-1,-1,0,-,
1716969217.514212,1716969227.514212,6,172.217.161.234,443,10.71.65.58,4576,0,-1,-1,0,0,-1,-1,0.0,-1,0,-1,0,0,0,-1,-1,-1,0,-1,0,6,-1,0.0,0,-1,0,0,0.0,-1,0,0,0,0,-1,0,-1,0,-1,0,-1,-1,0,-,
1716969217.514212,1716969227.514212,17,10.71.65.38,3793,10.71.255.255,1947,0,-1,-1,0,0,-1,-1,0.0,-1,0,-1,0,0,0,-1,-1,-1,0,-1,0,17,-1,0.0,0,-1,0,0,0.0,-1,0,0,0,0,-1,0,-1,0,-1,0,-1,-1,0,-,
1716969217.514212,1716969227.514212,17,10.71.65.43,5072,255.255.255.255,8610,0,-1,-1,0,0,-1,-1,0.0,-1,0,-1,0,0,0,-1,-1,-1,0,-1,0,17,-1,0.0,0,-1,0,0,0.0,-1,0,0,0,0,-1,0,-1,0,-1,0,-1,-1,0,-,
1716969217.514212,1716969227.514212,17,10.71.64.113,6027,10.71.255.255,1947,0,-1,-1,0,0,-1,-1,0.0,-1,0,-1,0,0,0,-1,-1,-1,0,-1,0,17,-1,0.0,0,-1,0,0,0.0,-1,0,0,0,0,-1,0,-1,0,-1,0,-1,-1,0,-,
1716969217.514212,1716969227.514212,17,10.71.64.113,6028,255.255.255.255,1947,0,-1,-1,0,0,-1,-1,0.0,-1,0,-1,0,0,0,-1,-1,-1,0,-1,0,17,-1,0.0,0,-1,0,0,0.0,-1,0,0,0,0,-1,0,-1,0,-1,0,-1,-1,0,-,
1716969217.514212,1716969227.514212,17,10.71.123.75,8451,10.71.255.255,1947,0,-1,-1,0,0,-1,-1,0.0,-1,0,-1,0,0,0,-1,-1,-1,0,-1,0,17,-1,0.0,0,-1,0,0,0.0,-1,0,0,0,0,-1,0,-1,0,-1,0,-1,-1,0,-,
1716969217.514212,1716969227.514212,17,10.71.123.75,8450,255.255.255.255,1947,0,-1,-1,0,0,-1,-1,0.0,-1,0,-1,0,0,0,-1,-1,-1,0,-1,0,17,-1,0.0,0,-1,0,0,0.0,-1,0,0,0,0,-1,0,-1,0,-1,0,-1,-1,0,-,
1716969217.514212,1716969227.514212,17,10.71.64.51,137,10.71.255.255,137,0,-1,-1,0,0,-1,-1,0.0,-1,0,-1,0,0,0,-1,-1,-1,0,-1,0,17,-1,0.0,0,-1,0,0,0.0,-1,0,0,0,0,-1,0,-1,0,-1,0,-1,-1,0,-,
1716969217.514212,1716969227.514212,17,10.71.64.224,5353,224.0.0.251,5353,0,-1,-1,0,0,-1,-1,0.0,-1,0,-1,0,0,0,-1,-1,-1,0,-1,0,17,-1,0.0,0,-1,0,0,0.0,-1,0,0,0,0,-1,0,-1,0,-1,0,-1,-1,0,-,
1716969217.514212,1716969227.514212,17,10.71.65.58,7665,10.1.5.46,53,0,-1,-1,0,0,-1,-1,0.0,-1,0,-1,0,0,0,-1,-1,-1,0,-1,0,17,-1,0.0,0,-1,0,0,0.0,-1,0,0,0,0,-1,0,-1,0,-1,0,-1,-1,0,-,
1716969217.514212,1716969227.514212,17,10.1.5.46,53,10.71.65.58,7665,0,-1,-1,0,0,-1,-1,0.0,-1,0,-1,0,0,0,-1,-1,-1,0,-1,0,17,-1,0.0,0,-1,0,0,0.0,-1,0,0,0,0,-1,0,-1,0,-1,0,-1,-1,0,-,
1716969217.514212,1716969227.514212,17,10.71.65.33,137,10.71.255.255,137,0,-1,-1,0,0,-1,-1,0.0,-1,0,-1,0,0,0,-1,-1,-1,0,-1,0,17,-1,0.0,0,-1,0,0,0.0,-1,0,0,0,0,-1,0,-1,0,-1,0,-1,-1,0,-,
1716969217.514212,1716969227.514212,17,10.71.64.40,5353,224.0.0.251,5353,0,-1,-1,0,0,-1,-1,0.0,-1,0,-1,0,0,0,-1,-1,-1,0,-1,0,17,-1,0.0,0,-1,0,0,0.0,-1,0,0,0,0,-1,0,-1,0,-1,0,-1,-1,0,-,
1716969217.514212,1716969227.514212,17,10.71.64.225,137,10.71.255.255,137,0,-1,-1,0,0,-1,-1,0.0,-1,0,-1,0,0,0,-1,-1,-1,0,-1,0,17,-1,0.0,0,-1,0,0,0.0,-1,0,0,0,0,-1,0,-1,0,-1,0,-1,-1,0,-,
1716969217.514212,1716969227.514212,17,10.71.65.43,9277,255.255.255.255,8610,0,-1,-1,0,0,-1,-1,0.0,-1,0,-1,0,0,0,-1,-1,-1,0,-1,0,17,-1,0.0,0,-1,0,0,0.0,-1,0,0,0,0,-1,0,-1,0,-1,0,-1,-1,0,-,
1716969217.514212,1716969227.514212,17,10.71.64.184,137,10.71.255.255,137,0,-1,-1,0,0,-1,-1,0.0,-1,0,-1,0,0,0,-1,-1,-1,0,-1,0,17,-1,0.0,0,-1,0,0,0.0,-1,0,0,0,0,-1,0,-1,0,-1,0,-1,-1,0,-,
1716969217.514212,1716969227.514212,17,10.71.64.146,5353,224.0.0.251,5353,0,-1,-1,0,0,-1,-1,0.0,-1,0,-1,0,0,0,-1,-1,-1,0,-1,0,17,-1,0.0,0,-1,0,0,0.0,-1,0,0,0,0,-1,0,-1,0,-1,0,-1,-1,0,-,
1716969217.514212,1716969227.514212,17,10.71.64.146,137,10.71.255.255,137,0,-1,-1,0,0,-1,-1,0.0,-1,0,-1,0,0,0,-1,-1,-1,0,-1,0,17,-1,0.0,0,-1,0,0,0.0,-1,0,0,0,0,-1,0,-1,0,-1,0,-1,-1,0,-,
1716969217.514212,1716969227.514212,17,10.71.65.38,6970,255.255.255.255,1947,0,-1,-1,0,0,-1,-1,0.0,-1,0,-1,0,0,0,-1,-1,-1,0,-1,0,17,-1,0.0,0,-1,0,0,0.0,-1,0,0,0,0,-1,0,-1,0,-1,0,-1,-1,0,-,
1716969217.514212,1716969227.514212,17,10.71.64.115,137,10.71.255.255,137,0,-1,-1,0,0,-1,-1,0.0,-1,0,-1,0,0,0,-1,-1,-1,0,-1,0,17,-1,0.0,0,-1,0,0,0.0,-1,0,0,0,0,-1,0,-1,0,-1,0,-1,-1,0,-,
1716969217.514212,1716969227.514212,17,10.71.64.113,9828,10.71.255.255,1947,0,-1,-1,0,0,-1,-1,0.0,-1,0,-1,0,0,0,-1,-1,-1,0,-1,0,17,-1,0.0,0,-1,0,0,0.0,-1,0,0,0,0,-1,0,-1,0,-1,0,-1,-1,0,-,
1716969217.514212,1716969227.514212,17,10.71.64.113,9829,255.255.255.255,1947,0,-1,-1,0,0,-1,-1,0.0,-1,0,-1,0,0,0,-1,-1,-1,0,-1,0,17,-1,0.0,0,-1,0,0,0.0,-1,0,0,0,0,-1,0,-1,0,-1,0,-1,-1,0,-,
1716969217.514212,1716969227.514212,17,10.71.123.75,9741,10.71.255.255,1947,0,-1,-1,0,0,-1,-1,0.0,-1,0,-1,0,0,0,-1,-1,-1,0,-1,0,17,-1,0.0,0,-1,0,0,0.0,-1,0,0,0,0,-1,0,-1,0,-1,0,-1,-1,0,-,
1716969217.514212,1716969227.514212,17,10.71.64.22,137,10.71.255.255,137,0,-1,-1,0,0,-1,-1,0.0,-1,0,-1,0,0,0,-1,-1,-1,0,-1,0,17,-1,0.0,0,-1,0,0,0.0,-1,0,0,0,0,-1,0,-1,0,-1,0,-1,-1,0,-,
1716969217.514212,1716969227.514212,17,10.71.64.16,5353,224.0.0.251,5353,0,-1,-1,0,0,-1,-1,0.0,-1,0,-1,0,0,0,-1,-1,-1,0,-1,0,17,-1,0.0,0,-1,0,0,0.0,-1,0,0,0,0,-1,0,-1,0,-1,0,-1,-1,0,-,
1716969217.514212,1716969227.514212,17,10.71.65.43,8058,255.255.255.255,8610,0,-1,-1,0,0,-1,-1,0.0,-1,0,-1,0,0,0,-1,-1,-1,0,-1,0,17,-1,0.0,0,-1,0,0,0.0,-1,0,0,0,0,-1,0,-1,0,-1,0,-1,-1,0,-,
1716969217.514212,1716969227.514212,17,10.71.123.75,137,10.71.255.255,137,0,-1,-1,0,0,-1,-1,0.0,-1,0,-1,0,0,0,-1,-1,-1,0,-1,0,17,-1,0.0,0,-1,0,0,0.0,-1,0,0,0,0,-1,0,-1,0,-1,0,-1,-1,0,-,
1716969217.514212,1716969227.514212,17,10.71.65.56,138,10.71.255.255,138,0,-1,-1,0,0,-1,-1,0.0,-1,0,-1,0,0,0,-1,-1,-1,0,-1,0,17,-1,0.0,0,-1,0,0,0.0,-1,0,0,0,0,-1,0,-1,0,-1,0,-1,-1,0,-,
1716969217.514212,1716969227.514212,17,10.71.65.38,2591,10.71.255.255,1947,0,-1,-1,0,0,-1,-1,0.0,-1,0,-1,0,0,0,-1,-1,-1,0,-1,0,17,-1,0.0,0,-1,0,0,0.0,-1,0,0,0,0,-1,0,-1,0,-1,0,-1,-1,0,-,
1716969217.514212,1716969227.514212,17,10.71.65.38,2592,255.255.255.255,1947,0,-1,-1,0,0,-1,-1,0.0,-1,0,-1,0,0,0,-1,-1,-1,0,-1,0,17,-1,0.0,0,-1,0,0,0.0,-1,0,0,0,0,-1,0,-1,0,-1,0,-1,-1,0,-,
1716969217.514212,1716969227.514212,17,10.71.65.34,137,10.71.255.255,137,0,-1,-1,0,0,-1,-1,0.0,-1,0,-1,0,0,0,-1,-1,-1,0,-1,0,17,-1,0.0,0,-1,0,0,0.0,-1,0,0,0,0,-1,0,-1,0,-1,0,-1,-1,0,-,
1716969217.514212,1716969227.514212,17,10.71.64.113,611,10.71.255.255,1947,0,-1,-1,0,0,-1,-1,0.0,-1,0,-1,0,0,0,-1,-1,-1,0,-1,0,17,-1,0.0,0,-1,0,0,0.0,-1,0,0,0,0,-1,0,-1,0,-1,0,-1,-1,0,-,
1716969217.514212,1716969227.514212,17,10.71.64.113,612,255.255.255.255,1947,0,-1,-1,0,0,-1,-1,0.0,-1,0,-1,0,0,0,-1,-1,-1,0,-1,0,17,-1,0.0,0,-1,0,0,0.0,-1,0,0,0,0,-1,0,-1,0,-1,0,-1,-1,0,-,
1716969217.514212,1716969227.514212,17,10.71.123.75,5017,10.71.255.255,1947,0,-1,-1,0,0,-1,-1,0.0,-1,0,-1,0,0,0,-1,-1,-1,0,-1,0,17,-1,0.0,0,-1,0,0,0.0,-1,0,0,0,0,-1,0,-1,0,-1,0,-1,-1,0,-,
1716969217.514212,1716969227.514212,17,10.71.123.75,5018,255.255.255.255,1947,0,-1,-1,0,0,-1,-1,0.0,-1,0,-1,0,0,0,-1,-1,-1,0,-1,0,17,-1,0.0,0,-1,0,0,0.0,-1,0,0,0,0,-1,0,-1,0,-1,0,-1,-1,0,-,
1716969217.514212,1716969227.514212,17,10.71.64.121,137,10.71.255.255,137,0,-1,-1,0,0,-1,-1,0.0,-1,0,-1,0,0,0,-1,-1,-1,0,-1,0,17,-1,0.0,0,-1,0,0,0.0,-1,0,0,0,0,-1,0,-1,0,-1,0,-1,-1,0,-,
1716969217.514212,1716969227.514212,17,10.71.65.38,137,10.71.255.255,137,0,-1,-1,0,0,-1,-1,0.0,-1,0,-1,0,0,0,-1,-1,-1,0,-1,0,17,-1,0.0,0,-1,0,0,0.0,-1,0,0,0,0,-1,0,-1,0,-1,0,-1,-1,0,-,
1716969217.514212,1716969227.514212,17,10.71.64.50,137,10.71.255.255,137,0,-1,-1,0,0,-1,-1,0.0,-1,0,-1,0,0,0,-1,-1,-1,0,-1,0,17,-1,0.0,0,-1,0,0,0.0,-1,0,0,0,0,-1,0,-1,0,-1,0,-1,-1,0,-,
1716969217.514212,1716969227.514212,17,10.71.64.147,138,10.71.255.255,138,0,-1,-1,0,0,-1,-1,0.0,-1,0,-1,0,0,0,-1,-1,-1,0,-1,0,17,-1,0.0,0,-1,0,0,0.0,-1,0,0,0,0,-1,0,-1,0,-1,0,-1,-1,0,-,
1716969217.514212,1716969227.514212,17,10.71.65.43,7329,255.255.255.255,8610,0,-1,-1,0,0,-1,-1,0.0,-1,0,-1,0,0,0,-1,-1,-1,0,-1,0,17,-1,0.0,0,-1,0,0,0.0,-1,0,0,0,0,-1,0,-1,0,-1,0,-1,-1,0,-,
1716969217.514212,1716969227.514212,17,10.71.65.29,137,10.71.255.255,137,0,-1,-1,0,0,-1,-1,0.0,-1,0,-1,0,0,0,-1,-1,-1,0,-1,0,17,-1,0.0,0,-1,0,0,0.0,-1,0,0,0,0,-1,0,-1,0,-1,0,-1,-1,0,-,
1716969217.514212,1716969227.514212,17,10.71.65.58,7120,239.255.255.250,1900,0,-1,-1,0,0,-1,-1,0.0,-1,0,-1,0,0,0,-1,-1,-1,0,-1,0,17,-1,0.0,0,-1,0,0,0.0,-1,0,0,0,0,-1,0,-1,0,-1,0,-1,-1,0,-,
1716969217.514212,1716969227.514212,17,10.71.64.147,137,10.71.255.255,137,0,-1,-1,0,0,-1,-1,0.0,-1,0,-1,0,0,0,-1,-1,-1,0,-1,0,17,-1,0.0,0,-1,0,0,0.0,-1,0,0,0,0,-1,0,-1,0,-1,0,-1,-1,0,-,
1716969217.514212,1716969227.514212,17,10.71.64.147,5353,224.0.0.251,5353,0,-1,-1,0,0,-1,-1,0.0,-1,0,-1,0,0,0,-1,-1,-1,0,-1,0,17,-1,0.0,0,-1,0,0,0.0,-1,0,0,0,0,-1,0,-1,0,-1,0,-1,-1,0,-,
1716969217.514212,1716969227.514212,17,10.71.65.38,2769,10.71.255.255,1947,0,-1,-1,0,0,-1,-1,0.0,-1,0,-1,0,0,0,-1,-1,-1,0,-1,0,17,-1,0.0,0,-1,0,0,0.0,-1,0,0,0,0,-1,0,-1,0,-1,0,-1,-1,0,-,
1716969217.514212,1716969227.514212,17,10.71.64.113,65,255.255.255.255,1947,0,-1,-1,0,0,-1,-1,0.0,-1,0,-1,0,0,0,-1,-1,-1,0,-1,0,17,-1,0.0,0,-1,0,0,0.0,-1,0,0,0,0,-1,0,-1,0,-1,0,-1,-1,0,-,
1716969217.514212,1716969227.514212,17,10.71.64.113,64,10.71.255.255,1947,0,-1,-1,0,0,-1,-1,0.0,-1,0,-1,0,0,0,-1,-1,-1,0,-1,0,17,-1,0.0,0,-1,0,0,0.0,-1,0,0,0,0,-1,0,-1,0,-1,0,-1,-1,0,-,
1716969217.514212,1716969227.514212,17,10.71.64.22,138,10.71.255.255,138,0,-1,-1,0,0,-1,-1,0.0,-1,0,-1,0,0,0,-1,-1,-1,0,-1,0,17,-1,0.0,0,-1,0,0,0.0,-1,0,0,0,0,-1,0,-1,0,-1,0,-1,-1,0,-,
1716969217.514212,1716969227.514212,17,10.71.65.58,5241,10.1.5.45,53,0,-1,-1,0,0,-1,-1,0.0,-1,0,-1,0,0,0,-1,-1,-1,0,-1,0,17,-1,0.0,0,-1,0,0,0.0,-1,0,0,0,0,-1,0,-1,0,-1,0,-1,-1,0,-,
1716969217.514212,1716969227.514212,17,10.1.5.45,53,10.71.65.58,5241,0,-1,-1,0,0,-1,-1,0.0,-1,0,-1,0,0,0,-1,-1,-1,0,-1,0,17,-1,0.0,0,-1,0,0,0.0,-1,0,0,0,0,-1,0,-1,0,-1,0,-1,-1,0,-,
1716969317.514212,1716969327.514212,17,10.71.64.106,4988,10.71.255.255,1007,0.000000,-1,-1,0,162,-1,0.000000,0.6,0.000000,186.0,0.0,0.000000,0,0,0.000000,0.000000,186,0,0.00,0,17,0.0,0.0,0,-1,1116,0,0.6,0.00,0,0,0,6,186,0,0.0,0,-1,0,-1,-1,0,-,
1716969317.514212,1716969327.514212,6,10.71.65.58,4374,142.251.130.14,443,193.370820,-1,-1,0,2610,-1,0.000000,9.6,0.000000,455.1875,2.17,193.370820,0,0,4.879652,4.879652,66,0,2.01,0,6,2.17,0.0,0,-1,43698,0,9.6,2.01,0,0,0,96,2542,96,805.49,0,-1,60,-1,-1,0,-,
1716969317.514212,1716969327.514212,6,142.251.130.14,443,10.71.65.58,4374,321.503394,-1,-1,0,3564,-1,0.000000,13.2,0.000000,167.77272727272728,2.19,321.503394,0,0,4.828407,4.828407,66,0,2.44,0,6,2.19,0.0,0,-1,22146,0,13.2,2.44,0,0,0,132,1034,132,207.91,0,-1,72,-1,-1,0,-,
1716969317.514212,1716969327.514212,6,10.71.65.58,5374,172.217.25.3,443,0,-1,-1,0,0,-1,-1,0.0,-1,0,-1,0,0,0,-1,-1,-1,0,-1,0,6,-1,0.0,0,-1,0,0,0.0,-1,0,0,0,0,-1,0,-1,0,-1,0,-1,-1,0,-,
1716969317.514212,1716969327.514212,6,172.217.25.3,443,10.71.65.58,5374,0,-1,-1,0,0,-1,-1,0.0,-1,0,-1,0,0,0,-1,-1,-1,0,-1,0,6,-1,0.0,0,-1,0,0,0.0,-1,0,0,0,0,-1,0,-1,0,-1,0,-1,-1,0,-,
1716969317.514212,1716969327.514212,6,216.58.200.234,443,10.71.65.58,9332,0.674100,-1,-1,0,486,-1,0.000000,1.8,0.000000,120.66666666666667,0.03,0.674100,0,0,0.056913,0.056913,66,0,0.04,0,6,0.03,0.0,0,-1,2172,0,1.8,0.04,0,0,0,18,230,18,77.31,0,-1,6,-1,-1,0,-,
1716969317.514212,1716969327.514212,6,10.71.65.58,9332,216.58.200.234,443,0.004254,-1,-1,0,324,-1,0.000000,1.2,0.000000,101.0,0.0,0.004254,0,0,0.000709,0.000709,101,0,0.00,0,6,0.0,0.0,0,-1,1212,0,1.2,0.00,0,0,0,12,101,12,0.0,0,-1,12,-1,-1,0,-,
1716969317.514212,1716969327.514212,17,10.71.64.113,5353,224.0.0.251,5353,47.930040,-1,-1,0,486,-1,0.000000,1.8,0.000000,75.66666666666667,1.88,47.930040,0,0,3.994170,3.994170,75,0,2.66,0,17,1.88,0.0,0,-1,1362,0,1.8,2.66,0,0,0,18,76,0,0.47,0,-1,0,-1,-1,0,-,
1716969317.514212,1716969327.514212,6,10.71.65.58,9732,108.177.125.188,5228,0,-1,-1,0,0,-1,-1,0.0,-1,0,-1,0,0,0,-1,-1,-1,0,-1,0,6,-1,0.0,0,-1,0,0,0.0,-1,0,0,0,0,-1,0,-1,0,-1,0,-1,-1,0,-,
1716969317.514212,1716969327.514212,6,108.177.125.188,5228,10.71.65.58,9732,0,-1,-1,0,0,-1,-1,0.0,-1,0,-1,0,0,0,-1,-1,-1,0,-1,0,6,-1,0.0,0,-1,0,0,0.0,-1,0,0,0,0,-1,0,-1,0,-1,0,-1,-1,0,-,
1716969317.514212,1716969327.514212,17,10.71.64.123,137,10.71.255.255,137,0,-1,-1,0,0,-1,-1,0.0,-1,0,-1,0,0,0,-1,-1,-1,0,-1,0,17,-1,0.0,0,-1,0,0,0.0,-1,0,0,0,0,-1,0,-1,0,-1,0,-1,-1,0,-,
1716969317.514212,1716969327.514212,6,10.71.65.58,9320,216.58.200.234,443,0,-1,-1,0,0,-1,-1,0.0,-1,0,-1,0,0,0,-1,-1,-1,0,-1,0,6,-1,0.0,0,-1,0,0,0.0,-1,0,0,0,0,-1,0,-1,0,-1,0,-1,-1,0,-,
1716969317.514212,1716969327.514212,6,216.58.200.234,443,10.71.65.58,9320,0,-1,-1,0,0,-1,-1,0.0,-1,0,-1,0,0,0,-1,-1,-1,0,-1,0,6,-1,0.0,0,-1,0,0,0.0,-1,0,0,0,0,-1,0,-1,0,-1,0,-1,-1,0,-,
1716969317.514212,1716969327.514212,6,10.71.65.58,9468,64.233.188.84,443,0,-1,-1,0,0,-1,-1,0.0,-1,0,-1,0,0,0,-1,-1,-1,0,-1,0,6,-1,0.0,0,-1,0,0,0.0,-1,0,0,0,0,-1,0,-1,0,-1,0,-1,-1,0,-,
1716969317.514212,1716969327.514212,6,10.71.65.58,3372,142.250.207.110,443,0,-1,-1,0,0,-1,-1,0.0,-1,0,-1,0,0,0,-1,-1,-1,0,-1,0,6,-1,0.0,0,-1,0,0,0.0,-1,0,0,0,0,-1,0,-1,0,-1,0,-1,-1,0,-,
1716969317.514212,1716969327.514212,6,142.250.207.110,443,10.71.65.58,3372,0,-1,-1,0,0,-1,-1,0.0,-1,0,-1,0,0,0,-1,-1,-1,0,-1,0,6,-1,0.0,0,-1,0,0,0.0,-1,0,0,0,0,-1,0,-1,0,-1,0,-1,-1,0,-,
1716969317.514212,1716969327.514212,6,64.233.188.84,443,10.71.65.58,9468,0,-1,-1,0,0,-1,-1,0.0,-1,0,-1,0,0,0,-1,-1,-1,0,-1,0,6,-1,0.0,0,-1,0,0,0.0,-1,0,0,0,0,-1,0,-1,0,-1,0,-1,-1,0,-,
1716969317.514212,1716969327.514212,6,10.71.65.58,8940,142.250.76.131,443,0,-1,-1,0,0,-1,-1,0.0,-1,0,-1,0,0,0,-1,-1,-1,0,-1,0,6,-1,0.0,0,-1,0,0,0.0,-1,0,0,0,0,-1,0,-1,0,-1,0,-1,-1,0,-,
1716969317.514212,1716969327.514212,6,142.250.76.131,443,10.71.65.58,8940,0,-1,-1,0,0,-1,-1,0.0,-1,0,-1,0,0,0,-1,-1,-1,0,-1,0,6,-1,0.0,0,-1,0,0,0.0,-1,0,0,0,0,-1,0,-1,0,-1,0,-1,-1,0,-,
1716969317.514212,1716969327.514212,17,10.71.64.41,7500,255.255.255.255,7500,0,-1,-1,0,0,-1,-1,0.0,-1,0,-1,0,0,0,-1,-1,-1,0,-1,0,17,-1,0.0,0,-1,0,0,0.0,-1,0,0,0,0,-1,0,-1,0,-1,0,-1,-1,0,-,
1716969317.514212,1716969327.514212,17,10.71.64.41,7500,10.71.255.255,7500,0,-1,-1,0,0,-1,-1,0.0,-1,0,-1,0,0,0,-1,-1,-1,0,-1,0,17,-1,0.0,0,-1,0,0,0.0,-1,0,0,0,0,-1,0,-1,0,-1,0,-1,-1,0,-,
1716969317.514212,1716969327.514212,6,10.71.65.58,514,216.58.220.110,443,0,-1,-1,0,0,-1,-1,0.0,-1,0,-1,0,0,0,-1,-1,-1,0,-1,0,6,-1,0.0,0,-1,0,0,0.0,-1,0,0,0,0,-1,0,-1,0,-1,0,-1,-1,0,-,
1716969317.514212,1716969327.514212,6,216.58.220.110,443,10.71.65.58,514,0,-1,-1,0,0,-1,-1,0.0,-1,0,-1,0,0,0,-1,-1,-1,0,-1,0,6,-1,0.0,0,-1,0,0,0.0,-1,0,0,0,0,-1,0,-1,0,-1,0,-1,-1,0,-,
1716969317.514212,1716969327.514212,6,10.71.65.58,4576,172.217.161.234,443,0,-1,-1,0,0,-1,-1,0.0,-1,0,-1,0,0,0,-1,-1,-1,0,-1,0,6,-1,0.0,0,-1,0,0,0.0,-1,0,0,0,0,-1,0,-1,0,-1,0,-1,-1,0,-,
1716969317.514212,1716969327.514212,6,172.217.161.234,443,10.71.65.58,4576,0,-1,-1,0,0,-1,-1,0.0,-1,0,-1,0,0,0,-1,-1,-1,0,-1,0,6,-1,0.0,0,-1,0,0,0.0,-1,0,0,0,0,-1,0,-1,0,-1,0,-1,-1,0,-,
1716969317.514212,1716969327.514212,17,10.71.64.115,137,10.71.255.255,137,0,-1,-1,0,0,-1,-1,0.0,-1,0,-1,0,0,0,-1,-1,-1,0,-1,0,17,-1,0.0,0,-1,0,0,0.0,-1,0,0,0,0,-1,0,-1,0,-1,0,-1,-1,0,-,
1716969317.514212,1716969327.514212,17,10.71.64.16,5353,224.0.0.251,5353,84.460793,-1,-1,0,621,-1,0.000000,2.3,0.000000,82.0,2.78,84.460793,0,0,7.784449,7.784449,82,0,3.67,0,17,2.78,0.0,0,-1,1886,0,2.3,3.67,0,0,0,23,82,0,0.0,0,-1,0,-1,-1,0,-,
1716969317.514212,1716969327.514212,17,10.71.65.43,8058,255.255.255.255,8610,0.004045,-1,-1,0,297,-1,0.000000,1.1,0.000000,58.0,0.0,0.004045,0,0,0.000809,0.000809,58,0,0.00,0,17,0.0,0.0,0,-1,638,0,1.1,0.00,0,0,0,11,58,0,0.0,0,-1,0,-1,-1,0,-,
1716969317.514212,1716969327.514212,17,10.71.123.75,137,10.71.255.255,137,7.680455,-1,-1,0,297,-1,0.000000,1.1,0.000000,92.0,0.76,7.680455,0,0,1.536091,1.536091,92,0,0.70,0,17,0.76,0.0,0,-1,1012,0,1.1,0.70,0,0,0,11,92,0,0.0,0,-1,0,-1,-1,0,-,
1716969317.514212,1716969327.514212,17,10.71.65.56,138,10.71.255.255,138,0.000000,-1,-1,0,162,-1,0.000000,0.6,0.000000,216.0,0.0,0.000000,0,0,0.000000,0.000000,216,0,0.00,0,17,0.0,0.0,0,-1,1296,0,0.6,0.00,0,0,0,6,216,0,0.0,0,-1,0,-1,-1,0,-,
1716969317.514212,1716969327.514212,17,10.71.65.38,2591,10.71.255.255,1947,0,-1,-1,0,0,-1,-1,0.0,-1,0,-1,0,0,0,-1,-1,-1,0,-1,0,17,-1,0.0,0,-1,0,0,0.0,-1,0,0,0,0,-1,0,-1,0,-1,0,-1,-1,0,-,
1716969317.514212,1716969327.514212,17,10.71.65.38,2592,255.255.255.255,1947,0,-1,-1,0,0,-1,-1,0.0,-1,0,-1,0,0,0,-1,-1,-1,0,-1,0,17,-1,0.0,0,-1,0,0,0.0,-1,0,0,0,0,-1,0,-1,0,-1,0,-1,-1,0,-,
1716969317.514212,1716969327.514212,17,10.71.65.34,137,10.71.255.255,137,0,-1,-1,0,0,-1,-1,0.0,-1,0,-1,0,0,0,-1,-1,-1,0,-1,0,17,-1,0.0,0,-1,0,0,0.0,-1,0,0,0,0,-1,0,-1,0,-1,0,-1,-1,0,-,
1716969317.514212,1716969327.514212,17,10.71.64.113,611,10.71.255.255,1947,0,-1,-1,0,0,-1,-1,0.0,-1,0,-1,0,0,0,-1,-1,-1,0,-1,0,17,-1,0.0,0,-1,0,0,0.0,-1,0,0,0,0,-1,0,-1,0,-1,0,-1,-1,0,-,
1716969317.514212,1716969327.514212,17,10.71.64.113,612,255.255.255.255,1947,0,-1,-1,0,0,-1,-1,0.0,-1,0,-1,0,0,0,-1,-1,-1,0,-1,0,17,-1,0.0,0,-1,0,0,0.0,-1,0,0,0,0,-1,0,-1,0,-1,0,-1,-1,0,-,
1716969317.514212,1716969327.514212,17,10.71.123.75,5017,10.71.255.255,1947,0,-1,-1,0,0,-1,-1,0.0,-1,0,-1,0,0,0,-1,-1,-1,0,-1,0,17,-1,0.0,0,-1,0,0,0.0,-1,0,0,0,0,-1,0,-1,0,-1,0,-1,-1,0,-,
1716969317.514212,1716969327.514212,17,10.71.123.75,5018,255.255.255.255,1947,0,-1,-1,0,0,-1,-1,0.0,-1,0,-1,0,0,0,-1,-1,-1,0,-1,0,17,-1,0.0,0,-1,0,0,0.0,-1,0,0,0,0,-1,0,-1,0,-1,0,-1,-1,0,-,
1716969317.514212,1716969327.514212,17,10.71.64.121,137,10.71.255.255,137,0,-1,-1,0,0,-1,-1,0.0,-1,0,-1,0,0,0,-1,-1,-1,0,-1,0,17,-1,0.0,0,-1,0,0,0.0,-1,0,0,0,0,-1,0,-1,0,-1,0,-1,-1,0,-,
1716969317.514212,1716969327.514212,17,10.71.65.38,137,10.71.255.255,137,0,-1,-1,0,0,-1,-1,0.0,-1,0,-1,0,0,0,-1,-1,-1,0,-1,0,17,-1,0.0,0,-1,0,0,0.0,-1,0,0,0,0,-1,0,-1,0,-1,0,-1,-1,0,-,
1716969317.514212,1716969327.514212,17,10.71.64.50,137,10.71.255.255,137,0,-1,-1,0,0,-1,-1,0.0,-1,0,-1,0,0,0,-1,-1,-1,0,-1,0,17,-1,0.0,0,-1,0,0,0.0,-1,0,0,0,0,-1,0,-1,0,-1,0,-1,-1,0,-,
1716969317.514212,1716969327.514212,17,10.71.64.147,138,10.71.255.255,138,0,-1,-1,0,0,-1,-1,0.0,-1,0,-1,0,0,0,-1,-1,-1,0,-1,0,17,-1,0.0,0,-1,0,0,0.0,-1,0,0,0,0,-1,0,-1,0,-1,0,-1,-1,0,-,
1716969317.514212,1716969327.514212,17,10.71.65.43,7329,255.255.255.255,8610,0,-1,-1,0,0,-1,-1,0.0,-1,0,-1,0,0,0,-1,-1,-1,0,-1,0,17,-1,0.0,0,-1,0,0,0.0,-1,0,0,0,0,-1,0,-1,0,-1,0,-1,-1,0,-,
1716969317.514212,1716969327.514212,17,10.71.65.29,137,10.71.255.255,137,0,-1,-1,0,0,-1,-1,0.0,-1,0,-1,0,0,0,-1,-1,-1,0,-1,0,17,-1,0.0,0,-1,0,0,0.0,-1,0,0,0,0,-1,0,-1,0,-1,0,-1,-1,0,-,
1716969317.514212,1716969327.514212,17,10.71.65.58,7120,239.255.255.250,1900,0,-1,-1,0,0,-1,-1,0.0,-1,0,-1,0,0,0,-1,-1,-1,0,-1,0,17,-1,0.0,0,-1,0,0,0.0,-1,0,0,0,0,-1,0,-1,0,-1,0,-1,-1,0,-,
1716969317.514212,1716969327.514212,17,10.71.64.147,137,10.71.255.255,137,0,-1,-1,0,0,-1,-1,0.0,-1,0,-1,0,0,0,-1,-1,-1,0,-1,0,17,-1,0.0,0,-1,0,0,0.0,-1,0,0,0,0,-1,0,-1,0,-1,0,-1,-1,0,-,
1716969317.514212,1716969327.514212,17,10.71.64.147,5353,224.0.0.251,5353,0,-1,-1,0,0,-1,-1,0.0,-1,0,-1,0,0,0,-1,-1,-1,0,-1,0,17,-1,0.0,0,-1,0,0,0.0,-1,0,0,0,0,-1,0,-1,0,-1,0,-1,-1,0,-,
1716969317.514212,1716969327.514212,17,10.71.65.38,2769,10.71.255.255,1947,0,-1,-1,0,0,-1,-1,0.0,-1,0,-1,0,0,0,-1,-1,-1,0,-1,0,17,-1,0.0,0,-1,0,0,0.0,-1,0,0,0,0,-1,0,-1,0,-1,0,-1,-1,0,-,
1716969317.514212,1716969327.514212,17,10.71.64.113,65,255.255.255.255,1947,0,-1,-1,0,0,-1,-1,0.0,-1,0,-1,0,0,0,-1,-1,-1,0,-1,0,17,-1,0.0,0,-1,0,0,0.0,-1,0,0,0,0,-1,0,-1,0,-1,0,-1,-1,0,-,
1716969317.514212,1716969327.514212,17,10.71.64.113,64,10.71.255.255,1947,0,-1,-1,0,0,-1,-1,0.0,-1,0,-1,0,0,0,-1,-1,-1,0,-1,0,17,-1,0.0,0,-1,0,0,0.0,-1,0,0,0,0,-1,0,-1,0,-1,0,-1,-1,0,-,
1716969317.514212,1716969327.514212,17,10.71.64.22,138,10.71.255.255,138,0,-1,-1,0,0,-1,-1,0.0,-1,0,-1,0,0,0,-1,-1,-1,0,-1,0,17,-1,0.0,0,-1,0,0,0.0,-1,0,0,0,0,-1,0,-1,0,-1,0,-1,-1,0,-,
1716969317.514212,1716969327.514212,17,10.71.65.58,5241,10.1.5.45,53,0,-1,-1,0,0,-1,-1,0.0,-1,0,-1,0,0,0,-1,-1,-1,0,-1,0,17,-1,0.0,0,-1,0,0,0.0,-1,0,0,0,0,-1,0,-1,0,-1,0,-1,-1,0,-,
1716969317.514212,1716969327.514212,17,10.1.5.45,53,10.71.65.58,5241,0,-1,-1,0,0,-1,-1,0.0,-1,0,-1,0,0,0,-1,-1,-1,0,-1,0,17,-1,0.0,0,-1,0,0,0.0,-1,0,0,0,0,-1,0,-1,0,-1,0,-1,-1,0,-,
